BIN,Address,Borough,Legal Owner (MapPLUTO),Complaints (12mo),Complaints (3yr),Loss of Service % (30d),Risk Level,AI Headline
2117693,601 EAST 156 STREET,Bronx,UNAVAILABLE OWNER,8,24,0.00%,CRITICAL,Critical Elevator Malfunctions at 601 East 156 Street Demand Immediate Intervention and Systemic Resolution
2001897,303 EAST 158 STREET,Bronx,SENIOR LIVING OPTIONS INC,7,26,0.00%,CRITICAL,"Elevator Service at 303 EAST 158 STREET Reaches Critical Failure Point, Demanding Immediate Intervention"
2114617,1068 FRANKLIN AVENUE,Bronx,1068 FRANKLIN AVE HOUSING DEVELOPMENT FU ND CORP,6,11,0.28%,HIGH,Elevator Crisis at 1068 Franklin Avenue: Persistent Malfunctions Demand Urgent Intervention
2117805,390 EAST 158 STREET,Bronx,"EL JARDIN DE SELINE HDFC, INC.",5,36,0.00%,HIGH,Critical Assessment: Escalating Elevator Failures at 390 East 158 Street Demand Immediate Action
2114987,1090 FRANKLIN AVENUE,Bronx,"HP 1090 FRANKLIN HOUSING DEVELOPMENT FUN D COMPANY INC., AS NOMINEE",5,12,0.28%,HIGH,"Chronic Elevator Malfunctions at 1090 Franklin Avenue Pose High Risk, Urgent Action Required"
2010271,1490 BOSTON ROAD,Bronx,SENIOR LIVING OPTIONS INC,5,8,0.56%,HIGH,Elevator Performance at 1490 Boston Road: High Risk and Tenant Distress Demand Urgent Action
2129171,985 BRUCKNER BOULEVARD,Bronx,985 BRUCKNER BOULEVARD HOUSING DEV. FUND  CORP.,5,5,0.00%,HIGH,Elevator Performance at 985 BRUCKNER BOULEVARD Requires Urgent Intervention Following Persistent Failures
2113354,941 HOE AVENUE,Bronx,962 ALDUS STREET CONDO,4,17,0.28%,HIGH,Chronic and Systemic Elevator Failures at 941 HOE AVENUE Demand Urgent Intervention
2006227,1016 BRYANT AVENUE,Bronx,ALDUS GREEN CORP,4,14,0.28%,HIGH,Critical Concerns: Persistent Elevator Failures and Active Complaint at 1016 Bryant Avenue Demand Immediate Intervention
2025349,1255 STRATFORD AVENUE,Bronx,1255 STRATFORD LLC,4,13,0.56%,CRITICAL,Critical Elevator Reliability Crisis at 1255 STRATFORD AVENUE Demands Immediate Intervention
2093936,985 SIMPSON STREET,Bronx,PRC WESTCHESTER AVENUE LLC,4,5,0.56%,HIGH,Critical Assessment: Persistent Elevator Malfunctions at 985 Simpson Street Spark High Tenant Frustration and Require Immediate Intervention
2113382,1189 TINTON AVENUE,Bronx,772 EAST 168TH STREE,3,19,0.00%,CRITICAL,Critical Elevator Malfunctions at 1189 Tinton Avenue Demand Immediate Intervention
2010236,1415 BRISTOW STREET,Bronx,CROTONA PARK REDEVELOPMENT LLC,3,15,0.28%,HIGH,Persistent Elevator Safety Concerns and Chronic Tenant Frustration at 1415 Bristow Street
2006104,1017 BRYANT AVENUE,Bronx,ALDUS GREEN CORP,3,14,0.28%,CRITICAL,Critical Elevator Reliability Issues at 1017 Bryant Avenue Require Immediate Intervention
2000862,369 EAST  149 STREET,Bronx,"369 149TH STREET REALTY, LTD.",3,9,0.00%,HIGH,Urgent Action Required: Persistent Elevator Malfunctions at 369 EAST 149 STREET Pose High Risk
2006595,1202 SPOFFORD AVENUE,Bronx,BRONX 1202 SPOFFORD AVENUE L.P.,3,8,0.00%,CRITICAL,Critical Elevator Malfunctions at 1202 Spofford Avenue: Chronic Issues and Tenant Outcry
2115818,249 EAST 153 STREET,Bronx,"SENIOR LIVING OPTIONS, INC.",3,8,0.28%,HIGH,Urgent Action Required: Persistent Elevator Failures at 249 EAST 153 STREET Demand Immediate Intervention
2120352,1150 TIFFANY STREET,Bronx,NYC HOUSING DEVELOPMENT CORP,3,7,0.56%,CRITICAL,Critical Elevator Malfunctions at 1150 Tiffany Street Require Immediate Remediation
2027509,1340 STRATFORD AVENUE,Bronx,1340 STRATFORD OWNER LLC,3,7,0.00%,HIGH,Chronic Elevator Failures at 1340 Stratford Avenue Demand Immediate Intervention
2114124,760 MELROSE AVENUE,Bronx,PALACIO ASSOCIATES LLC,3,7,0.28%,HIGH,Urgent Intervention Required: Persistent Elevator Malfunctions at 760 Melrose Avenue Pose High Risk
2005213,980 PROSPECT AVENUE,Bronx,"980 PROSPECT OWNER, LLC",3,7,0.56%,CRITICAL,Elevator System at 980 PROSPECT AVENUE: Chronic Failures and Critical Operational Risk
2113111,1208 FRANKLIN AVENUE,Bronx,FRANKLIN AVE ESTATES OWNER LLC,3,6,0.00%,CRITICAL,Executive Summary: Urgent Elevator Safety and Maintenance Issues at 1208 Franklin Avenue
2118405,1334 WILKINS AVENUE,Bronx,UNAVAILABLE OWNER,3,6,0.56%,CRITICAL,Critical Elevator Malfunctions at 1334 WILKINS AVENUE: Persistent Issues and High Tenant Frustration
2010454,870 FREEMAN STREET,Bronx,VIP FREEMAN HOUSING,3,6,0.00%,CRITICAL,"Critical Elevator Malfunctions Persist at 870 Freeman Street, Requiring Immediate Intervention"
2092192,1705 BRYANT AVENUE,Bronx,NYC HOUSING AUTHORITY,3,5,0.00%,HIGH,Executive Summary: Urgent Elevator Reliability Concerns at 1705 BRYANT AVENUE
2116977,361 EAST 161 STREET,Bronx,COURTLANDT CORNERS II ASSOCIATES LP,3,5,0.56%,HIGH,Elevator Reliability Concerns at 361 EAST 161 STREET: Persistent Failures and Mounting Tenant Frustration Necessitate Urgent Intervention
2116212,429 EAST 156 STREET,Bronx,156TH ST ASSOCIATES LLC,3,5,0.00%,HIGH,Elevator Service at 429 EAST 156 STREET Requires Proactive Monitoring for Continuous Service
2117692,759 EAGLE AVENUE,Bronx,PARTNERSHIP ST. ANN'S AFFORDABLE HOUSING  DEV. FUND,3,5,0.00%,HIGH,Elevator Safety Crisis at 759 Eagle Avenue Demands Urgent Intervention
2006319,875 IRVINE STREET,Bronx,NYC HOUSING AUTHORITY,3,5,0.00%,HIGH,Elevator System at 875 IRVINE STREET Exhibits High Risk Due to Escalating Issues and Tenant Frustration
2005682,1049 FOX STREET,Bronx,1049 FOX STREET HOUSING DEVELOPMENT FUND  CORPORA,3,4,0.56%,CRITICAL,Elevator Reliability Crisis at 1049 FOX STREET: Chronic Failures and Critical Tenant Frustration
2114113,1360 CLINTON AVENUE,Bronx,"CPE HOUSING DEVELOPMENT FUND COMPANY, IN C.",3,4,0.00%,HIGH,Elevator System at 1360 CLINTON AVENUE Requires Immediate Intervention Due to Chronic Failures and Worsening Tenant Frustration
2001467,464 EAST 159 STREET,Bronx,"LONGFELLOW-HALL HOUSING DEV. FUND COMP., INC.",3,4,0.00%,HIGH,Elevator Service at 464 East 159 Street Requires Immediate Attention and Proactive Monitoring
2001665,398 EAST  152 STREET,Bronx,152 MELROSE ASSOCIATES,3,3,0.00%,CRITICAL,Urgent Intervention Required for Chronic Elevator Safety and Outage Issues at 398 EAST 152 STREET
2127465,495 EAST 158 STREET,Bronx,CS MELROSE SITE B LLC,3,3,0.28%,HIGH,Urgent Intervention Needed for Persistent Elevator Issues at 495 EAST 158 STREET
2116644,488 EAST 163 STREET,Bronx,BORICUA VILLAGE HOUSING DVLMNT FUND,2,39,0.00%,CRITICAL,Critical Elevator Malfunctions at 488 EAST 163 STREET Demand Urgent Intervention
2010672,1700 HOE AVENUE,Bronx,NYC HOUSING AUTHORITY,2,19,0.00%,CRITICAL,Critical Elevator Malfunctions at 1700 HOE AVENUE Demand Immediate Intervention
2114613,404 EAST 158 STREET,Bronx,SENIOR LIVING OPTIONS INC,2,19,0.00%,CRITICAL,Critical Elevator Malfunction and Regulatory Compliance Issues at 404 East 158 Street Demand Immediate Intervention
2117696,800 ST ANNS AVENUE,Bronx,UNAVAILABLE OWNER,2,19,0.00%,CRITICAL,Elevator Reliability Crisis at 800 St Anns Avenue Demands Immediate Action
2117123,1468 HOE AVENUE,Bronx,UNION GROVE HOUSING DEVELOPMENT FUND COR P.,2,17,0.28%,CRITICAL,Chronic Elevator Failures at 1468 HOE AVENUE Demand Immediate Intervention and Regulatory Scrutiny
2116642,870 COURTLAND AVENUE,Bronx,"COURTLANDT CORNERS I, L.P.",2,16,0.00%,HIGH,Chronic Elevator Failures at 870 Courtland Avenue Demand Immediate Attention
2116646,514 EAST 163 STREET,Bronx,BORICUA VILLAGE HOUSING DEVELOPMENT,2,12,0.00%,HIGH,Urgent Action Required: Chronic Elevator Malfunctions at 514 East 163 Street Pose High Risk to Tenants
2005291,865 EAST 167 STREET,Bronx,S. BX CATCH MUTUAL HSNG/ASSOC/HSNG/DEV/F UND/CORP.,2,12,0.00%,CRITICAL,Critical Elevator Malfunctions at 865 EAST 167 STREET Demand Immediate Comprehensive Intervention
2118006,1817 WEST FARMS ROAD,Bronx,1815 WEST FARMS HOUSING DEVELOPMENT FUND CORPORATI,2,10,0.28%,HIGH,Elevator Issues Persist at 1817 West Farms Road: High Risk Due to Chronic Malfunctions and Future Safety Concerns
2116976,890 COURTLANDT AVENUE,Bronx,COURTLANDT CORNERS II ASSOCIATES LP,2,10,0.28%,HIGH,Chronic Elevator Non-Compliance and Breakdowns at 890 COURTLANDT AVENUE Demand Immediate Attention
2116875,1710 VYSE AVENUE,Bronx,1710 VYSE AVENUE HOUSING DEVELOPMENT FUN D CORPORAT,2,8,0.28%,HIGH,"Elevator System at 1710 VYSE AVENUE Poses High Risk, Requires Immediate Intervention"
2126620,912 COURTLANDT AVENUE,Bronx,COURTLANDT CRESCENT HDFC,2,8,0.00%,HIGH,Elevator System at 912 COURTLANDT AVENUE: Persistent Failures and High Tenant Frustration
2128557,1490 BOONE AVENUE,Bronx,UNAVAILABLE OWNER,2,7,0.00%,HIGH,Urgent Intervention Required: Persistent and Escalating Elevator Failures at 1490 Boone Avenue
2116648,507 EAST 161 STREET,Bronx,NYC PARTNERSHIP HOUSING DEVELOPMENT FUND,2,7,0.00%,HIGH,"Chronic Elevator Malfunctions Persist at 507 EAST 161 STREET, Requiring Urgent Intervention"
2004293,595 EAST 167 STREET,Bronx,590 FIVE CORP.,2,7,0.00%,HIGH,Urgent Intervention Required: Chronic Elevator Failures and Tenant Frustration at 595 EAST 167 STREET
2129168,980 WESTCHESTER AVENUE,Bronx,"980 WESTCHESTER HOUSING DEVELOPMENT FUND  CORPORATION,",2,7,0.00%,HIGH,Urgent Action Required for Chronic Elevator Failures at 980 Westchester Avenue
2116171,455 EAST 148 STREET,Bronx,BROOK AVENUE HOUSING DEVELOPMENT FUND CO RPORATION,2,6,0.00%,HIGH,"Elevator Reliability at 455 EAST 148 STREET Poses High Risk, Requires Immediate Intervention"
2006567,750 BRYANT AVENUE,Bronx,"BK BRYANT AVENUE HDFC, INC.",2,6,0.00%,CRITICAL,Critical Elevator Issues Persist at 750 Bryant Avenue: Urgent Action Required for Tenant Safety and Compliance
2116169,820 SAINT ANNS AVENUE,Bronx,UNAVAILABLE OWNER,2,6,0.00%,CRITICAL,Urgent Intervention Required for Chronic Elevator Failures at 820 Saint Anns Avenue
2120266,1157 INTERVALE AVENUE,Bronx,INTERVALE GARDENS LLC,2,5,0.00%,CRITICAL,Critical Elevator Malfunctions at 1157 INTERVALE AVENUE Demand Immediate Intervention
2010675,1717 VYSE AVENUE,Bronx,MONTEREY HOUSING DEVELOPMENT FUND CORPOR ATION,2,5,0.28%,HIGH,Urgent Intervention Required: Persistent Elevator Malfunctions at 1717 VYSE AVENUE Driving Tenant Frustration and Requiring Immediate Owner Action
2116647,505 EAST 161 STREET,Bronx,UNAVAILABLE OWNER,2,5,0.00%,CRITICAL,Critical Elevator Safety and Maintenance Issues Persist at 505 EAST 161 STREET
2002441,635 MORRIS AVENUE,Bronx,"MARIA LOPEZ HOUSING DEVELOPMENT FUND COM PANY, INC.",2,5,0.00%,CRITICAL,Critical Elevator Reliability Concerns at 635 Morris Avenue Amidst Persistent Failures and Heightened Tenant Advocacy
2118406,870 JENNINGS STREET,Bronx,UNAVAILABLE OWNER,2,5,0.00%,HIGH,Critical Elevator Reliability Issues at 870 Jennings Street Demand Immediate Intervention
2006477,1325 LAFAYETTE AVENUE,Bronx,LONGFELLOW OWNERS LLC,2,4,0.28%,CRITICAL,CRITICAL: Systemic Elevator Failure and High Tenant Dissatisfaction at 1325 LAFAYETTE AVENUE
2120158,1510 SOUTHERN BOULEVARD,Bronx,ICL SOUTHERN BOULEVARD HDFC,2,4,0.00%,HIGH,"Critical Elevator Safety and Maintenance Failures at 1510 Southern Boulevard Demand Immediate, Comprehensive Intervention"
2010883,1690 BRYANT AVENUE,Bronx,"MBP HDFC, AS NOMINEE FOR MID-BRONX PLAZA",2,4,0.00%,CRITICAL,Executive Summary: Critical Elevator Reliability Concerns at 1690 Bryant Avenue Requiring Immediate Action
2005371,917 WESTCHESTER AVENUE,Bronx,"TLK MANOR HOUSING DEVELOPMENT FUND COMPA NY, INC.",2,4,0.00%,HIGH,Ongoing Elevator Reliability Crisis at 917 Westchester Avenue Requires Immediate Intervention
2129167,975 TIFFANY STREET,Bronx,ANDREWS/KELLY HOUSING DEV. FUND CORPORAT ION,2,4,0.00%,HIGH,Chronic Elevator Failures at 975 TIFFANY STREET Demand Urgent Intervention
2025384,1240 MORRISON AVENUE,Bronx,"MORRISON TOWER, LLC",2,3,0.00%,CRITICAL,Urgent Intervention Required: Chronic Elevator Failures and Safety Concerns at 1240 Morrison Avenue
2010492,1345 SOUTHERN BOULEVARD,Bronx,DON LW LLC,2,3,0.00%,HIGH,Elevator System at 1345 SOUTHERN BOULEVARD Requires Immediate Intervention Due to Persistent Malfunctions and High Tenant Frustration
2010201,1413 PROSPECT AVENUE,Bronx,1413 PROSPECT AVENUEREALTY CORP.,2,3,0.00%,HIGH,Chronic Elevator Failures and Data Anomalies Plague 1413 Prospect Avenue
2128697,1417 LONGFELLOW AVENUE,Bronx,CULLEN PROPERTY 2017 LLC,2,3,0.28%,HIGH,Elevator Malfunction Concerns Persist with High Risk at 1417 Longfellow Avenue
2092904,1440 BRONX RIVER AVENUE,Bronx,NYC HOUSING AUTHORITY,2,3,0.00%,HIGH,"Elevator Malfunctions Persist at 1440 Bronx River Avenue, Prompting Urgent Action"
2128953,1526 BOONE AVENUE,Bronx,UNAVAILABLE OWNER,2,3,0.56%,HIGH,"Building 1526 Boone Avenue: Chronic Elevator Malfunctions and High Tenant Frustration Demand Urgent, Proactive Intervention"
2000968,225 EAST 149 STREET,Bronx,"HP MICHELANGELO HOUSING COMPANY, INC.",2,3,0.00%,CRITICAL,Critical Elevator Malfunctions at 225 EAST 149 STREET Drive High Tenant Distress and Legal Exposure
2114677,675 MORRIS AVENUE,Bronx,"MORRIS AVENUE CORNERSTONE ASSOCIATES, L. P.",2,3,0.00%,HIGH,Urgent Action Required: Proactive Elevator Performance Monitoring at 675 Morris Avenue Amidst High Risk and Persistent Failures
2114614,871 ELTON AVENUE,Bronx,PARKVIEW COMMONS CONDO,2,3,0.00%,HIGH,Proactive Elevator Maintenance Inquiry for 871 ELTON AVENUE: Addressing Chronic Malfunctions and Tenant Frustration
2113089,320 EAST 159 STREET,Bronx,SENIOR LIVING OPTIONS INC,1,27,0.00%,CRITICAL,Urgent Intervention Required for Chronic Elevator Failures at 320 EAST 159 STREET
2117344,706 BROOK AVENUE,Bronx,VIA VERDE CONDOMINIUM,1,15,0.00%,CRITICAL,"Critical Elevator Malfunctions Persist at 706 Brook Avenue, Demanding Immediate Action"
2117695,780 ST ANNS AVENUE,Bronx,UNAVAILABLE OWNER,1,15,0.00%,CRITICAL,Critical Elevator Reliability Concerns at 780 ST ANNS AVENUE: Urgent Intervention Required
2128714,899 WESTCHESTER AVENUE,Bronx,UNAVAILABLE OWNER,1,15,0.00%,HIGH,Critical Elevator Issues Persist at 899 WESTCHESTER AVENUE: High Tenant Frustration Amidst Recurring Seasonal Failures and Active Complaints
2113353,951 HOE AVENUE,Bronx,962 ALDUS STREET CONDO,1,15,0.00%,CRITICAL,CRITICAL ELEVATOR SYSTEM FAILURE ALERT for 951 HOE AVENUE: Urgent Intervention Required
2103646,1177 REV JAMES A POLITE AVENUE,Bronx,163RD ST IMPRVMNT CO,1,13,0.00%,HIGH,Critical Elevator Malfunctions at 1177 REV JAMES A POLITE AVENUE Demand Immediate Intervention
2006078,941 FAILE STREET,Bronx,FAILE STREET ASSOCIATES,1,10,0.00%,CRITICAL,"Critical Elevator Malfunctions Persist at 941 FAILE STREET, Driving Urgent Tenant Advocacy"
2005210,970 PROSPECT AVENUE,Bronx,BANANA KELLY PROSPECT HDFC,1,10,0.00%,HIGH,Chronic Elevator Malfunctions at 970 Prospect Avenue Demand Immediate Intervention Amidst High Tenant Frustration
2116192,1015 FOX STREET,Bronx,WESTCHESTER GARDENS L.P.,1,9,0.28%,HIGH,Elevator Service at 1015 Fox Street Requires Urgent Intervention Amidst High Incident Frequency and Tenant Frustration
2006460,1314 SENECA AVENUE,Bronx,"CHILLUM PLACE, L.L.C.",1,9,0.00%,CRITICAL,Critical Elevator Service Failure at 1314 Seneca Avenue Demands Immediate Intervention
2124684,1825 BOSTON ROAD,Bronx,UNAVAILABLE OWNER,1,9,0.00%,CRITICAL,Building 1825 BOSTON ROAD: Chronic Elevator Failures and High Tenant Dissatisfaction Demand Urgent Intervention
2117694,756 SAINT ANNS AVENUE,Bronx,UNAVAILABLE OWNER,1,9,0.00%,CRITICAL,Critical Elevator Deterioration and Escalating Tenant Frustration at 756 SAINT ANNS AVENUE Demand Immediate Intervention
2006562,710 HUNTS POINT AVENUE,Bronx,710 HUNTS POINT EQUITIES LLC,1,7,0.00%,HIGH,Executive Summary: Urgent Need for Proactive Elevator Maintenance and Monitoring at 710 Hunts Point Avenue
2005463,945 EAST 163 STREET,Bronx,EAST 163RD,1,7,0.00%,CRITICAL,Critical Elevator Safety Concerns at 945 East 163 Street Demands Immediate Intervention
2103548,1238 SIMPSON STREET,Bronx,FREEMAN SIMPSON HOUSING DVLPMNT FUND COR P.,1,6,0.00%,MODERATE,Elevator Performance and Resident Dissatisfaction at 1238 SIMPSON STREET Requires Proactive Intervention
2027476,1349 STRATFORD AVENUE,Bronx,PATBRU REALTY CO LLC,1,6,0.00%,HIGH,Urgent Intervention Required: Chronic Elevator Failures at 1349 STRATFORD AVENUE Demand Immediate Action
2126584,370 EAST 162 STREET,Bronx,COURTLANDT CORNERS II ASSOCIATES LP,1,6,0.28%,HIGH,Urgent Action Required: Chronic Elevator Malfunctions and Unsafe Conditions at 370 EAST 162 STREET
2114612,401 EAST 157 STREET,Bronx,SENIOR LIVING OPTIONS INC,1,6,0.00%,HIGH,Elevator System at 401 EAST 157 STREET: Chronic Malfunctions Require Immediate Intervention
2114693,967 KELLY STREET,Bronx,UNAVAILABLE OWNER,1,6,0.00%,CRITICAL,Critical and Persistent Elevator Malfunctions at 967 KELLY STREET Demand Urgent Intervention
2128398,1812 VYSE AVENUE,Bronx,VIA VYSE PARTNERSHIP HOUSING DEVELOPMENT FUND COMP,1,5,0.00%,HIGH,Urgent Intervention Required: Chronic Elevator Failures and Tenant Discontent at 1812 VYSE AVENUE
2130561,661 MANIDA STREET,Bronx,661 MANIDA STREET LLC,1,5,0.00%,HIGH,Elevator Malfunctions at 661 MANIDA STREET Indicate Chronic Issues and Owner Non-Compliance
2001386,701 ELTON AVENUE,Bronx,701 ELTON RESIDENCE LLC,1,5,0.00%,HIGH,Proactive Elevator Monitoring for 701 ELTON AVENUE Essential Amid Persistent Failures
2124477,731 SOUTHERN BOULEVARD,Bronx,731 SOUTHERN LLC,1,5,0.00%,HIGH,Building 731 SOUTHERN BOULEVARD Faces High Risk Due to Persistent Elevator Failures and Deep Tenant Frustration
2005012,830 EAST 163 STREET,Bronx,919 PROSPECT AVENUE LLC,1,5,0.00%,HIGH,Elevator System at 830 EAST 163 STREET Requires Urgent Intervention Due to Chronic Failures and High Tenant Frustration
2091949,920 TRINITY AVENUE,Bronx,WOODSTOCK TERRACE MUTUAL HOUSING,1,5,0.00%,HIGH,Critical Escalation of Elevator Failures at 920 Trinity Avenue Requires Immediate Intervention
2124699,1115 INTERVALE AVENUE,Bronx,"1115 INTERVALE HOUSING DEVELOPMENT FUND  CO., INC.",1,4,0.00%,MODERATE,Executive Summary: Persistent Elevator Malfunctions at 1115 INTERVALE AVENUE Demand Proactive Intervention
2114126,1150 INTERVALE AVENUE,Bronx,"INTERVALE AVENUE IIASSOICATES, L.P.",1,4,0.00%,HIGH,Elevator System Criticality Report: 1150 INTERVALE AVENUE Faces Persistent Reliability Challenges
2117976,1330 INTERVALE AVENUE,Bronx,URBAN HORIZONS II HOUSING DEVELOPMENT FU ND,1,4,0.00%,HIGH,Urgent Action Required: Chronic Elevator Malfunctions at 1330 Intervale Avenue Posing High Risk
2116624,491 EAST 162 STREET,Bronx,"THE DOE FUND, INC.",1,4,0.00%,CRITICAL,Elevator Systems at 491 EAST 162 STREET Exhibit Critical Failure Patterns and Require Immediate Intervention
2006556,735 BRYANT AVENUE,Bronx,BRYANT REALTY HOLDINGS 735 LLC,1,4,0.00%,HIGH,Elevator System at 735 Bryant Avenue: Chronic Malfunctions Require Immediate Intervention
2116966,775 EAGLE AVENUE,Bronx,PARTNERSHIP ST. ANN'S AFFORDABLE HOUSING  DEV. FUND,1,4,0.00%,HIGH,Escalating Elevator Reliability and Safety Concerns at 775 Eagle Avenue Demand Immediate Attention
2005759,923 SIMPSON STREET,Bronx,PRC SIMPSON STREET LLC,1,4,0.00%,CRITICAL,Urgent Intervention Required: Chronic Elevator Malfunctions at 923 Simpson Street Pose Critical Risk
2006080,990 ALDUS STREET,Bronx,ALDUS GREEN CORP,1,4,0.00%,CRITICAL,Critical Elevator Malfunctions at 990 Aldus Street Demand Immediate Intervention
2129155,1007 UNION AVENUE,Bronx,HP VICTORY COMMONS HOUSING DEVELOPMENT F UND COMPAN,1,3,0.00%,HIGH,Elevator System at 1007 UNION AVENUE Poses High Risk Amidst Recurring Failures and Elevated Community Frustration
2006214,1032 ALDUS STREET,Bronx,ALDUS GREEN CORP,1,3,0.00%,HIGH,Executive Summary: Persistent Elevator Malfunctions at 1032 Aldus Street Necessitate Immediate Action
2128690,1060 REV JAMES A POLITE AVENUE,Bronx,LYNNS PLACE HOUSING DEVELOPMENT FUND COM PANY INC,1,3,0.00%,MODERATE,Executive Summary: Proactive Elevator Service Assurance at 1060 REV JAMES A POLITE AVENUE
2004285,1191 BOSTON ROAD,Bronx,BOSTON ROAD II HOUSING DEVELOPMENT FUND  CORPORATIO,1,3,0.00%,MODERATE,Elevator System at 1191 BOSTON ROAD Requires Proactive Monitoring and Maintenance
2006337,1215 SENECA AVENUE,Bronx,NYC DEPARTMENT OF HOMELESS SERVICES,1,3,0.00%,HIGH,Critical Review Required for 1215 Seneca Avenue Elevators Due to Escalating Malfunctions and Community Frustration
2004257,1229 FRANKLIN AVENUE,Bronx,1229 ESTATES LLC,1,3,0.00%,HIGH,"Critical Elevator Malfunctions Plague 1229 Franklin Avenue, Demanding Urgent Intervention"
2010379,1279 REV JAMES POLITE AVENUE,Bronx,STEBBINS-PROSPECT LP,1,3,0.00%,HIGH,Persistent Elevator Malfunctions and Tenant Frustration at 1279 REV JAMES POLITE AVENUE Warrant Proactive Intervention
2127408,1344 CLINTON AVENUE,Bronx,1344 CLINTON AVE. HOUSING DEVELOPMENT,1,3,0.00%,HIGH,Executive Summary: Persistent Elevator Reliability Concerns at 1344 Clinton Avenue
2127760,1702 BRYANT AVENUE,Bronx,"BRYANT MANOR, LLC",1,3,0.00%,MODERATE,Executive Summary: Elevated Risk from Recurring Elevator Defects at 1702 Bryant Avenue Demands Proactive Oversight
2093921,305 EAST 153 STREET,Bronx,NYC HOUSING AUTHORITY,1,3,0.00%,MODERATE,"Elevator Reliability Concerns Persist at 305 EAST 153 STREET, Requiring Proactive Intervention"
2000907,315 EAST 148 STREET,Bronx,H.I.R.E. HOUSING DEVELOPMENT FUND CORPOR ATION,1,3,0.00%,HIGH,Escalating Elevator Reliability Concerns at 315 EAST 148 STREET Demand Immediate Intervention
2001501,470 EAST 161 STREET,Bronx,470 EAST 161 LLC,1,3,0.00%,HIGH,Executive Summary: Persistent Elevator Operational Failures at 470 EAST 161 STREET Warrant Immediate Intervention
2127129,600 BERGEN AVENUE,Bronx,COMUNILIFE LA CENTRAL HOUSING DEV. FUND  CORP.,1,3,0.00%,MODERATE,Executive Summary: Persistent Elevator Malfunctions and Growing Tenant Concern at 600 BERGEN AVENUE
2115281,871 WESTCHESTER AVENUE,Bronx,WESTCHESTER TRIANGLE LLC,1,3,0.00%,HIGH,Executive Summary: Urgent Intervention Required for Chronic Elevator Failures at 871 Westchester Avenue
2119382,920 WESTCHESTER AVENUE,Bronx,UNAVAILABLE OWNER,1,3,0.00%,HIGH,Urgent Elevator Concerns at 920 WESTCHESTER AVENUE: High Risk Identified
2001881, COURTLANDT SCHOOL,Bronx,NYC DEPARTMENT OF EDUCATION,0,0,0.00%,Nominal,No recent complaint activity recorded.
2128360,1000 FOX STREET,Bronx,PRC WESTCHESTER AVENUE LLC,0,0,0.00%,Nominal,No recent complaint activity recorded.
2129169,1000 KELLY STREET,Bronx,KELLY RESIDENCES LLC,0,0,0.00%,Nominal,No recent complaint activity recorded.
2113504,1000 SIMPSON STREET,Bronx,PRC WESTCHESTER AVENUE LLC,0,0,0.00%,Nominal,No recent complaint activity recorded.
2091961,1000 TRINITY AVENUE,Bronx,NYC HOUSING AUTHORITY,0,0,0.00%,Nominal,No recent complaint activity recorded.
2006106,1001 BRYANT AVENUE,Bronx,ALDUS GREEN CORP,0,0,0.00%,Nominal,No recent complaint activity recorded.
2128965,1001 WHITLOCK AVENUE,Bronx,"HP WHITLOCK HOUSING DEVELOPMENT FUND COM PANY, INC.",0,0,0.00%,Nominal,No recent complaint activity recorded.
2120143,1005 INTERVALE AVENUE,Bronx,"1005 INTERVALE AVENUE, LLC",0,0,0.00%,Nominal,No recent complaint activity recorded.
2023336,1007 EVERGREEN AVENUE,Bronx,NYC DEPARTMENT OF EDUCATION,0,0,0.00%,Nominal,No recent complaint activity recorded.
2006226,1010 BRYANT AVENUE,Bronx,ALDUS GREEN CORP,0,0,0.00%,Nominal,No recent complaint activity recorded.
2129027,1010 EAST 173 STREET,Bronx,SAMARITAN-COMPASS III & IV HOUSING DEV F UND CORP,0,0,0.00%,Nominal,No recent complaint activity recorded.
2010904,1011 FREEMAN STREET,Bronx,WEST FARMS ESTATES HOUSING DEVELOPMENT F UND CORPOR,0,0,0.00%,Nominal,No recent complaint activity recorded.
2005940,1012 GARRISON AVENUE,Bronx,HUNTS POINT RESIDENCES HOUSING DEVELOPME NT,0,0,0.00%,Nominal,No recent complaint activity recorded.
2005664,1012 KELLY STREET,Bronx,FOXHURST GROUP LLC,0,0,0.00%,Nominal,No recent complaint activity recorded.
2006105,1013 BRYANT AVENUE,Bronx,ALDUS GREEN CORP,0,0,0.00%,Nominal,No recent complaint activity recorded.
2005764,1018 EAST  163 STREET,Bronx,1018 E 163RD STREET HOUSING DEV FUND COR PORATION,0,0,0.00%,Nominal,No recent complaint activity recorded.
2091975,1020 TRINITY AVENUE,Bronx,NYC HOUSING AUTHORITY,0,0,0.00%,Nominal,No recent complaint activity recorded.
2114108,1022 REV JAMES A POLITE AVENUE,Bronx,CHICA HOUSING DEVELOPMENT FUND CORPORATI ON,0,0,0.00%,Nominal,No recent complaint activity recorded.
2006246,1025 ALDUS STREET,Bronx,ALDUS GREEN CORP,0,0,0.00%,Nominal,No recent complaint activity recorded.
2010903,1025 FREEMAN STREET,Bronx,WEST FARMS ESTATES HOUSING DEVELOPMENT F UND CORPOR,0,0,0.00%,Nominal,No recent complaint activity recorded.
2005788,1029 EAST  163 STREET,Bronx,UNAVAILABLE OWNER,0,0,0.00%,Nominal,No recent complaint activity recorded.
2129166,1032 INTERVALE AVENUE,Bronx,1028 INTERVALE AVE LLC,0,0,0.00%,Nominal,No recent complaint activity recorded.
2113376,1033 BOSTON ROAD,Bronx,1039 BOSTON ROAD HOU,0,0,0.00%,Nominal,No recent complaint activity recorded.
2005392,1038 ROGERS PLACE,Bronx,"GRAND & ROGERS HOUSING DEVELOPMENT FUND  CO., INC.",0,0,0.00%,Nominal,No recent complaint activity recorded.
2004191,1051 BOSTON ROAD,Bronx,BR AFFORDABLE HOUSING DEVELOPMENT FUND C ORPORATION,0,0,0.00%,Nominal,No recent complaint activity recorded.
2023433,1051 ELDER AVENUE,Bronx,REDEL HOLDING CORP,0,0,0.00%,Nominal,No recent complaint activity recorded.
2125340,1054 SIMPSON STREET,Bronx,URBAN HEALTH PLAN INC,0,0,0.00%,Nominal,No recent complaint activity recorded.
2006023,1057 HOE AVENUE,Bronx,1057 HOE AVENUE LLC D,0,0,0.00%,Nominal,No recent complaint activity recorded.
2006021,1058 SOUTHERN BOULEVARD,Bronx,SOUTHERN 634 LLC,0,0,0.00%,Nominal,No recent complaint activity recorded.
2114450,1061 HALL PLACE,Bronx,TAFSC HOUSING DEVELOPMENT FUND CORPORATI ON,0,0,0.00%,Nominal,No recent complaint activity recorded.
2004178,1064 FRANKLIN AVENUE,Bronx,BRONX ADDICTION SERVICES INTEGRATED CONC EPTS /ETC,0,0,0.00%,Nominal,No recent complaint activity recorded.
2005257,1070 JAMES A POLITE AVENUE,Bronx,TIMPSON HOUSING DEVELOPMENT FUND CORP.,0,0,0.00%,Nominal,No recent complaint activity recorded.
2023432,1071 ELDER AVENUE,Bronx,71 ELD REALTY CORP,0,0,0.00%,Nominal,No recent complaint activity recorded.
2090433,1073 HALL PLACE,Bronx,1075 HALL PLACE LLC,0,0,0.00%,Nominal,No recent complaint activity recorded.
2006279,1075 LONGFELLOW AVENUE,Bronx,PRC WESTCHESTER AVENUE LLC,0,0,0.00%,Nominal,No recent complaint activity recorded.
2006147,1076 FAILE STREET,Bronx,PRC WESTCHESTER AVENUE LLC,0,0,0.00%,Nominal,No recent complaint activity recorded.
2128501,1081 TIFFANY STREET,Bronx,"1081 TIFFANY STREET, LLC",0,0,0.00%,Nominal,No recent complaint activity recorded.
2006278,1083 LONGFELLOW AVENUE,Bronx,PRC WESTCHESTER AVENUE LLC,0,0,0.00%,Nominal,No recent complaint activity recorded.
2120984,1092 CLOSE AVENUE,Bronx,UNAVAILABLE OWNER,0,0,0.00%,Nominal,No recent complaint activity recorded.
2113109,1100 FRANKLIN AVENUE,Bronx,FRANKLIN AVE ESTATES LLC,0,0,0.00%,Nominal,No recent complaint activity recorded.
2006149,1101 WESTCHESTER AVENUE,Bronx,WESTCHESTER RESIDENCE LLC,0,0,0.00%,Nominal,No recent complaint activity recorded.
2006155,1107 BRYANT AVENUE,Bronx,BRYANT ASSOCIATES,0,0,0.00%,Nominal,No recent complaint activity recorded.
2129172,1117 HOE AVENUE,Bronx,SKMF HOE MANAGEMENT LLC,0,0,0.00%,Nominal,No recent complaint activity recorded.
2114482,1118 INTERVALE AVENUE,Bronx,"INTERVALE AVENUE ASSOCIATES, L.P.",0,0,0.00%,Nominal,No recent complaint activity recorded.
2004260,1122 FRANKLIN AVENUE,Bronx,NYC DEPARTMENT OF HOMELESS SERVICES,0,0,0.00%,Nominal,No recent complaint activity recorded.
2023771,1130 EVERGREEN AVENUE,Bronx,1126-1130 EVERGREEN AVE. LLC,0,0,0.00%,Nominal,No recent complaint activity recorded.
2006048,1131 WEST FARMS ROAD,Bronx,ROSE ELLEN SMITH MBD HOUSING DEVELOPMENT  FUND CO.,0,0,0.00%,Nominal,No recent complaint activity recorded.
2117646,1140 TIFFANY STREET,Bronx,TIFFANY STREET ASSOCIATES LP,0,0,0.00%,Nominal,No recent complaint activity recorded.
2004262,1144 FRANKLIN AVENUE,Bronx,"CLAREMONT HOMES, LLC",0,0,0.00%,Nominal,No recent complaint activity recorded.
2120357,1145 SOUTHERN BOULEVARD,Bronx,SOUTHERN HOSPITALITY LLC,0,0,0.00%,Nominal,No recent complaint activity recorded.
2128780,1151 HOE AVENUE,Bronx,1149 & 1151 HOE LLC,0,0,0.00%,Nominal,No recent complaint activity recorded.
2023772,1160 EVERGREEN AVENUE,Bronx,EVERGREEN TIEBOUT HOUSING DEVELOPMENT FU ND CORPOR,0,0,0.00%,Nominal,No recent complaint activity recorded.
2005914,1161 EAST 156 STREET,Bronx,B&R ESTATES ENTERPRISE REALTY LLC,0,0,0.00%,Nominal,No recent complaint activity recorded.
2130565,1169 HOE AVENUE,Bronx,1169 HOE LLC,0,0,0.00%,Nominal,No recent complaint activity recorded.
2004869,1170 TINTON AVENUE,Bronx,NYC DEPARTMENT OF EDUCATION,0,0,0.00%,Nominal,No recent complaint activity recorded.
2023773,1184 EVERGREEN AVENUE,Bronx,"NEWSTART REALTY HOUSING DEVELOPMENT FUND CO., INC.",0,0,0.00%,Nominal,No recent complaint activity recorded.
2005057,1200 UNION AVENUE,Bronx,ALCOR ASSOCIATES L.P.,0,0,0.00%,Nominal,No recent complaint activity recorded.
2005939,1201 LAFAYETTE AVENUE,Bronx,1201-31 LAFAYETTE GROUND OWNER LLC,0,0,0.00%,Nominal,No recent complaint activity recorded.
2025317,1201 STRATFORD AVENUE,Bronx,CHERA BLDG PROPERTIES,0,0,0.00%,Nominal,No recent complaint activity recorded.
2025354,1202 STRATFORD AVENUE,Bronx,WEST MORRISON REALTY LLC,0,0,0.00%,Nominal,No recent complaint activity recorded.
2006157,1203 WESTCHESTER AVENUE,Bronx,NYC HOUSING AUTHORITY,0,0,0.00%,Nominal,No recent complaint activity recorded.
2006596,1206 SPOFFORD AVENUE,Bronx,HUNTS POINT HSNG DEVFUN,0,0,0.00%,Nominal,No recent complaint activity recorded.
2006156,1209 WESTCHESTER AVENUE,Bronx,NYC HOUSING AUTHORITY,0,0,0.00%,Nominal,No recent complaint activity recorded.
2025355,1210 STRATFORD AVENUE,Bronx,1210 STRATFORD LLC,0,0,0.00%,Nominal,No recent complaint activity recorded.
2113777,1211 SOUTHERN BOULEVARD,Bronx,1211 SOUTHERN BLVD LLC,0,0,0.00%,Nominal,No recent complaint activity recorded.
2004892,1215 UNION AVENUE,Bronx,ALCOR ASSOCIATES L.P.,0,0,0.00%,Nominal,No recent complaint activity recorded.
2095480,1217 STRATFORD AVENUE,Bronx,STRATFORD 26 LLC,0,0,0.00%,Nominal,No recent complaint activity recorded.
2006439,1220 SENECA AVENUE,Bronx,HUNTS POINT HSNG DEVFUN,0,0,0.00%,Nominal,No recent complaint activity recorded.
2128691,1224 PROSPECT AVENUE,Bronx,PROSPECT COURT HOUSING LLC,0,0,0.00%,Nominal,No recent complaint activity recorded.
2006275,1240 WESTCHESTER AVENUE,Bronx,PRC WESTCHESTER AVENUE LLC,0,0,0.00%,Nominal,No recent complaint activity recorded.
2025350,1245 STRATFORD AVENUE,Bronx,1255 STRATFORD LLC,0,0,0.00%,Nominal,No recent complaint activity recorded.
2004300,1250 FRANKLIN AVENUE,Bronx,MCK FRANKLIN LLC,0,0,0.00%,Nominal,No recent complaint activity recorded.
2025372,1255 MORRISON AVENUE,Bronx,"ENCALADA, JOSE",0,0,0.00%,Nominal,No recent complaint activity recorded.
2025365,1258 STRATFORD AVENUE,Bronx,STRATFORD PROPERTIES ONE LLC,0,0,0.00%,Nominal,No recent complaint activity recorded.
2004748,1262 BOSTON ROAD,Bronx,1262 BOSTON ROAD RALTY CORP.,0,0,0.00%,Nominal,No recent complaint activity recorded.
2004246,1265 FRANKLIN AVENUE,Bronx,BRONX-LEBANON HOSPITAL CENTER,0,0,0.00%,Nominal,No recent complaint activity recorded.
2025369,1265 MORRISON AVENUE,Bronx,G&M PROPERTIES HP HOUSING DEVELOPMENT,0,0,0.00%,Nominal,No recent complaint activity recorded.
2025368,1268 STRATFORD AVENUE,Bronx,G&M PROPERTIES HP HOUSING DEVELOPMENT,0,0,0.00%,Nominal,No recent complaint activity recorded.
2006548,1290 LAFAYETTE AVENUE,Bronx,1290 LAFAYETTE AVE.HOUSING DVLP FUND COR P.,0,0,0.00%,Nominal,No recent complaint activity recorded.
2006421,1291 LAFAYETTE AVENUE,Bronx,PIO/VIP HOUSNG DEVELOPMENT FUND CORPORAT ION,0,0,0.00%,Nominal,No recent complaint activity recorded.
2009747,1293 BOSTON ROAD,Bronx,"SIMCHAH BOSTON, LLC",0,0,0.00%,Nominal,No recent complaint activity recorded.
2010451,1304 REV JAMES POLITE AVENUE,Bronx,1304 POLITE REATLY    .,0,0,0.00%,Nominal,No recent complaint activity recorded.
2010481,1310 INTERVALE AVENUE,Bronx,HERBERT L BROOKS HSNG/ET,0,0,0.00%,Nominal,No recent complaint activity recorded.
2118469,1314 FRANKLIN AVENUE,Bronx,UNAVAILABLE OWNER,0,0,0.00%,Nominal,No recent complaint activity recorded.
2006374,1315 SENECA AVENUE,Bronx,SENECA 18 ASSETS LLC,0,0,0.00%,Nominal,No recent complaint activity recorded.
2097215,1316 BOSTON ROAD,Bronx,JHB II HOUSING DEVELOPMENT FUND CORPORAT ION,0,0,0.00%,Nominal,No recent complaint activity recorded.
2010905,1316 WEST FARMS ROAD,Bronx,WEST FARMS ESTATES HOUSING DEVELOPMENT F UND CORPOR,0,0,0.00%,Nominal,No recent complaint activity recorded.
2130513,1318 SOUTHERN BOULEVARD,Bronx,1318 SOUTHERN DEVELOPMENT LLC,0,0,0.00%,Nominal,No recent complaint activity recorded.
2010911,1321 WEST FARMS ROAD,Bronx,NYC HOUSING AUTHORITY,0,0,0.00%,Nominal,No recent complaint activity recorded.
2130526,1323 CHISHOLM STREET,Bronx,1321-1323 CHISHOLM LLC,0,0,0.28%,Nominal,No recent complaint activity recorded.
2116514,1323 LOUIS NINE BOULEVARD,Bronx,URBAN HORIZONS II HOUSING DEVELOPMENT FU ND,0,0,0.00%,Nominal,No recent complaint activity recorded.
2010494,1325 SOUTHERN BOULEVARD,Bronx,HP SOUTHERN BOULEVARD HOUSING DEVELOPMEN T FUND,0,0,0.00%,Nominal,No recent complaint activity recorded.
2010493,1327 SOUTHERN BOULEVARD,Bronx,DON LW LLC,0,0,0.00%,Nominal,No recent complaint activity recorded.
2007018,1340 VIELE AVENUE,Bronx,GP REAL ESTATE LLC,0,0,0.00%,Nominal,No recent complaint activity recorded.
2103446,1343 CLINTON AVENUE,Bronx,"MORILLO, JOSE O",0,0,0.00%,Nominal,No recent complaint activity recorded.
2027475,1350 MANOR AVENUE,Bronx,NYC HOUSING AUTHORITY,0,0,0.00%,Nominal,No recent complaint activity recorded.
2128618,1351 BOSTON ROAD,Bronx,1351 BOSTON ROAD HOUSING DEVELOPMENT,0,0,0.00%,Nominal,No recent complaint activity recorded.
2100759,1357 SOUTHERN BOULEVARD,Bronx,DON LW LLC,0,0,0.00%,Nominal,No recent complaint activity recorded.
2010185,1368 BOSTON ROAD,Bronx,BOSTON POST ROAD HOUSING DEV. FUND CORPO RATION/NOM,0,0,0.00%,Nominal,No recent complaint activity recorded.
2009735,1372 FRANKLIN AVENUE,Bronx,1372 FRANKLIN AVE HSG,0,0,0.00%,Nominal,No recent complaint activity recorded.
2010253,1385 STEBBINS AVENUE,Bronx,WINTHROP REALTY CORP,0,0,0.00%,Nominal,No recent complaint activity recorded.
2010746,1415 BRYANT AVENUE,Bronx,MBD SILVA TAYLOR HOUSING DEVELOPMENT FUN D COMPANY,0,0,0.00%,Nominal,No recent complaint activity recorded.
2092903,1420 BRONX RIVER AVENUE,Bronx,NYC HOUSING AUTHORITY,0,0,0.00%,Nominal,No recent complaint activity recorded.
2109600,1420 MINFORD PLACE,Bronx,MINFORD GARDENS HSNG DEV FUN CO INC,0,0,0.00%,Nominal,No recent complaint activity recorded.
2126638,1420 STEBBINS AVENUE,Bronx,STEBBINS OWNER LLC,0,0,0.00%,Nominal,No recent complaint activity recorded.
2092911,1435 HARROD AVENUE,Bronx,NYC HOUSING AUTHORITY,0,0,0.00%,Nominal,No recent complaint activity recorded.
2098986,1455 HARROD AVENUE,Bronx,NYC HOUSING AUTHORITY,0,0,0.00%,Nominal,No recent complaint activity recorded.
2092905,1460 BRONX RIVER AVENUE,Bronx,NYC HOUSING AUTHORITY,0,0,0.00%,Nominal,No recent complaint activity recorded.
2010569,1462 SOUTHERN BOULEVARD,Bronx,SSJL 1462 SOUTHERN BOULEVARD LLC,0,0,0.00%,Nominal,No recent complaint activity recorded.
2023352,1464 WATSON AVENUE,Bronx,"WATSON DEVELOPMENT, LLC",0,0,0.00%,Nominal,No recent complaint activity recorded.
2023748,1473 WATSON AVENUE,Bronx,NYC HOUSING AUTHORITY,0,0,0.00%,Nominal,No recent complaint activity recorded.
2010651,1488 HOE AVENUE,Bronx,UNION GROVE BAPTIST,0,0,0.00%,Nominal,No recent complaint activity recorded.
2010571,1490 SOUTHERN BOULEVARD,Bronx,1490 SOUTHERN HOUSING DEVELOPMENT FUND C ORPORATION,0,0,0.00%,Nominal,No recent complaint activity recorded.
2023770,1491 WATSON AVENUE,Bronx,"HP CSP GF1 HOUSING DEVELOPMENT FUND COMP ANY, INC.",0,0,0.00%,Nominal,No recent complaint activity recorded.
2127575,1500 HOE AVENUE,Bronx,UNION GROVE II HOUSING DEVELOPMENT FUND  CORP.,0,0,0.00%,Nominal,No recent complaint activity recorded.
2028130,1500 NOBLE AVENUE,Bronx,"NOBLE TOWER, LLC",0,0,0.00%,Nominal,No recent complaint activity recorded.
2113511,1515 SOUTHERN BOULEVARD,Bronx,CASTILLO EAST LLC,0,0,0.00%,Nominal,No recent complaint activity recorded.
2025131,1518 EAST 172 STREET,Bronx,"CACERES, EMMA",0,0,0.00%,Nominal,No recent complaint activity recorded.
2128556,1524 BOONE AVENUE,Bronx,SEDGWICK MATERIALS INC.,0,0,0.00%,Nominal,No recent complaint activity recorded.
2028531,1547 COMMONWEALTH AVENUE,Bronx,1547 COMMON LLC,0,0,0.00%,Nominal,No recent complaint activity recorded.
2101319,155 FOOD CENTER DRIVE,Bronx,NYC DEPARTMENT OF SMALL BUSINESS SERVICES,0,0,0.00%,Nominal,No recent complaint activity recorded.
2010300,1555 SEABURY PLACE,Bronx,1555 SEABURY PL HSING,0,0,0.00%,Nominal,No recent complaint activity recorded.
2010592,1564 SOUTHERN BOULEVARD,Bronx,1564 SOUTHERN BOULEVARD LLC,0,0,0.00%,Nominal,No recent complaint activity recorded.
2028701,1567 TAYLOR AVENUE,Bronx,DAVID T. DIAMOND,0,0,0.00%,Nominal,No recent complaint activity recorded.
2092906,1575 .E 174 ST,Bronx,NYC HOUSING AUTHORITY,0,0,0.00%,Nominal,No recent complaint activity recorded.
2092907,1595 EAST  174 STREET,Bronx,NYC HOUSING AUTHORITY,0,0,0.00%,Nominal,No recent complaint activity recorded.
2092908,1609 EAST 174 STREET,Bronx,NYC HOUSING AUTHORITY,0,0,0.00%,Nominal,No recent complaint activity recorded.
2092902,1635 EAST 174 STREET,Bronx,NYC HOUSING AUTHORITY,0,0,0.00%,Nominal,No recent complaint activity recorded.
2126608,1660 BOSTON ROAD,Bronx,RAINBOW DEVELOPMENT LLC,0,0,0.00%,Nominal,No recent complaint activity recorded.
2010670,1662 HOE AVENUE,Bronx,CROTONA VII REDEVELOPMENT CO,0,0,0.00%,Nominal,No recent complaint activity recorded.
2010798,1662 VYSE AVENUE,Bronx,"LONGWOOD HOUSING DEVELOPMENT FUND COMPAN Y, INC.",0,0,0.00%,Nominal,No recent complaint activity recorded.
2010805,1665 BRYANT AVENUE,Bronx,MBD SILVA TAYLOR HOUSING DEVELOPMENT FUN D COMPANY,0,0,0.00%,Nominal,No recent complaint activity recorded.
2010681,1665 VYSE AVENUE,Bronx,MONTEREY HOUSING DEVELOPMENT FUND CORPOR ATION,0,0,0.00%,Nominal,No recent complaint activity recorded.
2010799,1668 VYSE AVENUE,Bronx,"LONGWOOD HOUSING DEVELOPMENT FUND COMPAN Y, INC.",0,0,0.00%,Nominal,No recent complaint activity recorded.
2010933,1670 LONGFELLOW AVENUE,Bronx,1670 LONGFELLOW AVENU,0,0,0.00%,Nominal,No recent complaint activity recorded.
2010804,1671 BRYANT AVENUE,Bronx,MBD SILVA TAYLOR HOUSING DEVELOPMENT FUN D COMPANY,0,0,0.00%,Nominal,No recent complaint activity recorded.
2010680,1671 VYSE AVENUE,Bronx,MONTEREY HOUSING DEVELOPMENT FUND CORPOR ATION,0,0,0.00%,Nominal,No recent complaint activity recorded.
2010800,1680 VYSE AVENUE,Bronx,"LONGWOOD HOUSING DEVELOPMENT FUND COMPAN Y, INC.",0,0,0.00%,Nominal,No recent complaint activity recorded.
2010611,1687 HOE AVENUE,Bronx,"LONGWOOD HOUSING DEVELOPMENT FUND COMPAN Y, INC.",0,0,0.00%,Nominal,No recent complaint activity recorded.
2010679,1687 VYSE AVENUE,Bronx,MONTEREY HOUSING DEVELOPMENT FUND CORPOR ATION,0,0,0.00%,Nominal,No recent complaint activity recorded.
2010934,1690 LONGFELLOW AVENUE,Bronx,LONGFELLOW AVENUE HOUSING DEVELOPMENT FU ND COMPANY,0,0,0.00%,Nominal,No recent complaint activity recorded.
2010801,1690 VYSE AVENUE,Bronx,"LONGWOOD HOUSING DEVELOPMENT FUND COMPAN Y, INC.",0,0,0.00%,Nominal,No recent complaint activity recorded.
2010678,1693 VYSE AVENUE,Bronx,MONTEREY HOUSING DEVELOPMENT FUND CORPOR ATION,0,0,0.28%,Nominal,No recent complaint activity recorded.
2010610,1695 HOE AVENUE,Bronx,"CROTONA VI HOUSING DEVELOPMENT FUND COMP ANY, INC.",0,0,0.00%,Nominal,No recent complaint activity recorded.
2010802,1696 VYSE AVENUE,Bronx,"LONGWOOD HOUSING DEVELOPMENT FUND COMPAN Y, INC.",0,0,0.00%,Nominal,No recent complaint activity recorded.
2010884,1700 BRYANT AVENUE,Bronx,NYC HOUSING DEVELOPMENT CORP.,0,0,0.00%,Nominal,No recent complaint activity recorded.
2010935,1700 LONGFELLOW AVENUE,Bronx,LONGFELLOW AVENUE HOUSING DEVELOPMENT FU ND COMPANY,0,0,0.00%,Nominal,No recent complaint activity recorded.
2010609,1705 HOE AVENUE,Bronx,"CROTONA VI HOUSING DEVELOPMENT FUND COMP ANY, INC.",0,0,0.00%,Nominal,No recent complaint activity recorded.
2010608,1711 HOE AVENUE,Bronx,ROSE ELLEN SMITH MBD HOUSING DEVELOPMENT FUND CORP,0,0,0.00%,Nominal,No recent complaint activity recorded.
2010936,1712 LONGFELLOW AVENUE,Bronx,1712 & 1715 HDFC INC,0,0,0.28%,Nominal,No recent complaint activity recorded.
2010885,1715 LONGFELLOW AVENUE,Bronx,1712 & 1715 HDFC INC,0,0,0.00%,Nominal,No recent complaint activity recorded.
2010803,1717 BRYANT AVENUE,Bronx,"LONGWOOD HOUSING DEVELOPMENT FUND COMPAN Y, INC.",0,0,0.00%,Nominal,No recent complaint activity recorded.
2130917,1760 BOONE AVENUE,Bronx,1760 BOONE AVENUE PROPERTIES LLC,0,0,0.28%,Nominal,No recent complaint activity recorded.
2010683,1762 BOSTON ROAD,Bronx,MBD COMMUNITY HSNG CORP,0,0,0.00%,Nominal,No recent complaint activity recorded.
2129729,1763 WEST FARMS ROAD,Bronx,1759-63 W. FARMS RD LLC,0,0,0.00%,Nominal,No recent complaint activity recorded.
2097050,234 EAST  149 STREET,Bronx,NYC HEALTH AND HOSPITALS CORPORATION,0,0,0.00%,Nominal,No recent complaint activity recorded.
2128549,245 EAST 149 STREET,Bronx,"HP MICHELANGELO HOUSING COMPANY, INC.",0,0,0.00%,Nominal,No recent complaint activity recorded.
2128550,255 EAST 149 STREET,Bronx,"HP MICHELANGELO HOUSING COMPANY, INC.",0,0,0.00%,Nominal,No recent complaint activity recorded.
2093920,281 EAST  153 STREET,Bronx,NYC HOUSING AUTHORITY,0,0,0.00%,Nominal,No recent complaint activity recorded.
2091155,281 EAST 149 STREET,Bronx,EAST 149TH STREET PARTNERS LLC,0,0,0.00%,Nominal,No recent complaint activity recorded.
2091226,285 EAST  156 STREET,Bronx,NYC HOUSING AUTHORITY,0,0,0.00%,Nominal,No recent complaint activity recorded.
2001159,2886 3 AVENUE,Bronx,SHAVIC THIRD AVE LLC,0,0,0.00%,Nominal,No recent complaint activity recorded.
2001164,2914 3 AVENUE,Bronx,ACADIA 2914 THIRD AVENUE LLC,0,0,0.00%,Nominal,No recent complaint activity recorded.
2001167,2936 3 AVENUE,Bronx,"SIG REALTY, INC",0,0,0.00%,Nominal,No recent complaint activity recorded.
2001173,2952 3 AVENUE,Bronx,CA 2952 HOLDINGS LLC,0,0,0.00%,Nominal,No recent complaint activity recorded.
2098617,2962 3 AVENUE,Bronx,THIRD AVENUE EMERALD LLC,0,0,0.00%,Nominal,No recent complaint activity recorded.
2130806,2980 3 AVENUE,Bronx,2980 THIRD AVENUE HOLDINGS LLC,0,0,0.28%,Nominal,No recent complaint activity recorded.
2128727,2980 PARK AVENUE,Bronx,UNAVAILABLE OWNER,0,0,0.00%,Nominal,No recent complaint activity recorded.
2091217,300 EAST  151 STREET,Bronx,MAGENTA INTERNATIONAL REALTY CORP,0,0,0.00%,Nominal,No recent complaint activity recorded.
2091221,300 EAST 158 STREET,Bronx,NYC HOUSING AUTHORITY,0,0,0.00%,Nominal,No recent complaint activity recorded.
2001182,3000 3 AVENUE,Bronx,"RELATED RETAIL HUB, LLC",0,0,0.00%,Nominal,No recent complaint activity recorded.
2091225,301 EAST  156 STREET,Bronx,NYC HOUSING AUTHORITY,0,0,0.00%,Nominal,No recent complaint activity recorded.
2001874,303 EAST 151 STREET,Bronx,NYC DEPARTMENT OF EDUCATION,0,0,0.00%,Nominal,No recent complaint activity recorded.
2093923,304 EAST 156 STREET,Bronx,NYC HOUSING AUTHORITY,0,0,0.00%,Nominal,No recent complaint activity recorded.
2091227,3050 PARK AVENUE,Bronx,NYC HOUSING AUTHORITY,0,0,0.00%,Nominal,No recent complaint activity recorded.
2118202,3055 THIRD AVENUE,Bronx,UNAVAILABLE OWNER,0,0,0.00%,Nominal,No recent complaint activity recorded.
2091228,3080 PARK AVENUE,Bronx,NYC HOUSING AUTHORITY,0,0,0.00%,Nominal,No recent complaint activity recorded.
2001451,3097 3 AVENUE,Bronx,LA CASA DE FELICIDAD H.D.F.C.,0,0,0.00%,Nominal,No recent complaint activity recorded.
2102501,3103 3 AVENUE,Bronx,LA PUERTA DE VITALIDAD HOUSING DEVELOPME NT FUND CO,0,0,0.00%,Nominal,No recent complaint activity recorded.
2093924,320 EAST  156 STREET,Bronx,NYC HOUSING AUTHORITY,0,0,0.00%,Nominal,No recent complaint activity recorded.
2093922,321 EAST  153 STREET,Bronx,NYC HOUSING AUTHORITY,0,0,0.00%,Nominal,No recent complaint activity recorded.
2000941,321 EAST 149 STREET,Bronx,VOTMESH REALTY INC,0,0,0.00%,Nominal,No recent complaint activity recorded.
2116529,3250 3 AVENUE,Bronx,ALBERT GOODMAN HOUSING DEVELOPMENT FUND CORP.,0,0,0.00%,Nominal,No recent complaint activity recorded.
2001893,327 EAST  158 STREET,Bronx,CORTLANDT ASSOCIATES LLC,0,0,0.00%,Nominal,No recent complaint activity recorded.
2000898,338 EAST 149 STREET,Bronx,332 E LLC,0,0,0.00%,Nominal,No recent complaint activity recorded.
2093919,346 EAST  156 STREET,Bronx,NYC HOUSING AUTHORITY,0,0,0.00%,Nominal,No recent complaint activity recorded.
2116903,367 EAST 154 STREET,Bronx,"NEW BRONX, LLC",0,0,0.00%,Nominal,No recent complaint activity recorded.
2097105,370 EAST  151 STREET,Bronx,IMMACULATE CON R C CH,0,0,0.00%,Nominal,No recent complaint activity recorded.
2088143,370 EAST  153 STREET,Bronx,NYC HOUSING AUTHORITY,0,0,0.00%,Nominal,No recent complaint activity recorded.
2000856,370 EAST 150 STREET,Bronx,NEW YORK TELEPHONE CO,0,0,0.00%,Nominal,No recent complaint activity recorded.
2129142,370 EAST 158 STREET,Bronx,LB CAPITAL LLC,0,0,0.00%,Nominal,No recent complaint activity recorded.
2090413,372 EAST 152 STREET,Bronx,NYC HOUSING AUTHORITY,0,0,0.00%,Nominal,No recent complaint activity recorded.
2001759,374 EAST 159 STREET,Bronx,"MELROSE CLUSTER, L.P.",0,0,0.00%,Nominal,No recent complaint activity recorded.
2000853,379 EAST 148 STREET,Bronx,ELIDEX REALTY OWNER LLC,0,0,0.00%,Nominal,No recent complaint activity recorded.
2102500,383 EAST 152 STREET,Bronx,"FIGUEROA, AIDA",0,0,0.00%,Nominal,No recent complaint activity recorded.
2103191,383 EAST 157 STREET,Bronx,RODRIGUEZ JR JOHNNY D,0,0,0.00%,Nominal,No recent complaint activity recorded.
2000851,384 EAST  149 STREET,Bronx,GOTHAM 149 REALTY LLC,0,0,0.00%,Nominal,No recent complaint activity recorded.
2001674,390 EAST 153 STREET,Bronx,"390 EASTCO ,",0,0,0.00%,Nominal,No recent complaint activity recorded.
2001788,390 EAST 161 STREET,Bronx,ROSE 871 LLC,0,0,0.00%,Nominal,No recent complaint activity recorded.
2000859,391 EAST 149 STREET,Bronx,MELROSE LLC,0,0,0.00%,Nominal,No recent complaint activity recorded.
2001666,395 EAST 151 STREET,Bronx,395 EAST 151 ST. CORP.,0,0,0.00%,Nominal,No recent complaint activity recorded.
2113742,406 EAST 161 STREET,Bronx,ELTON PARKVIEW II ASSOCS LLC,0,0,0.00%,Nominal,No recent complaint activity recorded.
2129325,407 EAST 160 STREET,Bronx,407 E. 160 DEVELOPMENT LLC,0,0,0.00%,Nominal,No recent complaint activity recorded.
2001393,409 EAST 154 STREET,Bronx,"PUERTO RICAN ORG TO MOTIV.,ENLTN+SERVE A DDICTS INC",0,0,0.00%,Nominal,No recent complaint activity recorded.
2097027,410 WESTCHESTER AVENUE,Bronx,149TH ST RLTY ASSOC.,0,0,0.00%,Nominal,No recent complaint activity recorded.
2098324,413 EAST 152 STREET,Bronx,413 EAST 152ND STREET LLC,0,0,0.00%,Nominal,No recent complaint activity recorded.
2129804,414 EAST 152 STREET,Bronx,MELROSE MANOR LLC,0,0,0.00%,Nominal,No recent complaint activity recorded.
2001084,414 GERARD AVENUE,Bronx,414 GERARD OWNER LLC,0,0,0.00%,Nominal,No recent complaint activity recorded.
2129267,425 EAST 161 STREET,Bronx,MELROSE COMMONS SUPPORTIVE HOUSING DEVEL OPMENT,0,0,0.00%,Nominal,No recent complaint activity recorded.
2127429,432 EAST 162 STREET,Bronx,UNAVAILABLE OWNER,0,0,0.00%,Nominal,No recent complaint activity recorded.
2097049,437 MORRIS AVENUE,Bronx,NYC HEALTH AND HOSPITALS CORPORATION,0,0,0.00%,Nominal,No recent complaint activity recorded.
2094189,441 EAST 155 STREET,Bronx,NEW BEGINNING COMMUNITY REDEVELOPMENT CO RP.,0,0,0.00%,Nominal,No recent complaint activity recorded.
2129268,443 EAST 162 STREET,Bronx,BRONX COMMONS HOUSING DEVELOPMENT FUND CORPORATION,0,0,0.00%,Nominal,No recent complaint activity recorded.
2000537,444 EAST 149 STREET,Bronx,444 EAST 149 STREET LLC,0,0,0.00%,Nominal,No recent complaint activity recorded.
2097025,445 EAST 148 STREET,Bronx,GS 149 LLC,0,0,0.00%,Nominal,No recent complaint activity recorded.
2000538,448 EAST  149 STREET,Bronx,448 LLC,0,0,0.00%,Nominal,No recent complaint activity recorded.
2129139,451 EAST 159 STREET,Bronx,"HP PARK AND ELTON APARTMENTS HDFC, INC.",0,0,0.00%,Nominal,No recent complaint activity recorded.
2001038,475 GRAND CONCOURSE,Bronx,DORMITORY AUTHORITY OF THE STATE OF NEW YORK,0,0,0.00%,Nominal,No recent complaint activity recorded.
2116630,501 EAST 161 STREET,Bronx,BORICUA VILLAGE HOUSING DEVELOPMENT FUND,0,0,0.00%,Nominal,No recent complaint activity recorded.
2001204,502 EAST 161 STREET,Bronx,LIBERTY SQUARE REALTY CORP,0,0,0.00%,Nominal,No recent complaint activity recorded.
2116645,508 EAST 163 STREET,Bronx,"THE DOE FUND, INC",0,0,0.00%,Nominal,No recent complaint activity recorded.
2001152,510 EAST  156 STREET,Bronx,NYCHA TRIBOROUGH PRESERVATION HDFC,0,0,0.00%,Nominal,No recent complaint activity recorded.
2000884,528 MORRIS AVENUE,Bronx,E&N REFRIGERATION CORP.,0,0,0.00%,Nominal,No recent complaint activity recorded.
2129288,545 EAST 166 STREET,Bronx,545 E. 166TH STREET HDFC,0,0,0.00%,Nominal,No recent complaint activity recorded.
2000133,556 BROOK AVENUE,Bronx,NYC ADMINISTRATION FOR CHILDRENS SERVICES,0,0,0.00%,Nominal,No recent complaint activity recorded.
2002459,560 GRAND CONCOURSE,Bronx,BPO OWNER LLC,0,0,0.00%,Nominal,No recent complaint activity recorded.
2130370,571 EAST 167 STREET,Bronx,FULTON FRANKLIN HOUSING DEVELOPMENT FUND CORP.,0,0,0.00%,Nominal,No recent complaint activity recorded.
2004133,576 TIMPSON PLACE,Bronx,TIMPSON PLACE ASSOCIATES LLC,0,0,0.00%,Nominal,No recent complaint activity recorded.
2004131,581 TIMPSON PLACE,Bronx,TIMPSON HOUSING DEV.FUND,0,0,0.00%,Nominal,No recent complaint activity recorded.
2004134,588 TIMPSON PLACE,Bronx,TIMPSON PLACE ASSOCIATES LLC,0,0,0.00%,Nominal,No recent complaint activity recorded.
2004406,591 EAST  165 STREET,Bronx,RED MAPLE CORP,0,0,0.00%,Nominal,No recent complaint activity recorded.
2004526,597 EAST 166 STREET,Bronx,NYC DEPARTMENT OF EDUCATION,0,0,0.00%,Nominal,No recent complaint activity recorded.
2129154,600 EAST 156 STREET,Bronx,600 EAST 156TH STREET HOUSING DEV. FUND  CORP.,0,0,0.00%,Nominal,No recent complaint activity recorded.
2004135,600 TIMPSON PLACE,Bronx,TIMPSON PLACE ASSOCIATES LLC,0,0,0.28%,Nominal,No recent complaint activity recorded.
2004408,601 EAST 149 STREET,Bronx,LRF HOUSING ASSOCIATES,0,0,0.00%,Nominal,No recent complaint activity recorded.
2116861,601 EAST 163 STREET,Bronx,"HP MAPLE MESA HOUSING DEVELOPMENT FUND C OMPANY, IN",0,0,0.00%,Nominal,No recent complaint activity recorded.
2004292,601 EAST 167 STREET,Bronx,BOSTON-167,0,0,0.00%,Nominal,No recent complaint activity recorded.
2091242,601 MORRIS AVENUE,Bronx,CHRISTOPHER COURT HOUSING CO,0,0,0.00%,Nominal,No recent complaint activity recorded.
2004303,610 EAST 169 STREET,Bronx,NEW YORK PUBLIC LIBRARY,0,0,0.00%,Nominal,No recent complaint activity recorded.
2004415,611 EAST 149 STREET,Bronx,LRF HOUSING ASSOCIATES,0,0,0.00%,Nominal,No recent complaint activity recorded.
2127130,626 BERGEN AVENUE,Bronx,LA CENTRAL SUPPORTIVE HOUSING DEVELOPMEN T,0,0,0.00%,Nominal,No recent complaint activity recorded.
2001876,629 COURTLANDT AVENUE,Bronx,"LANCOURT ASSOCIATES, LLC",0,0,0.00%,Nominal,No recent complaint activity recorded.
2004312,631 EAST 168 STREET,Bronx,EAST 168TH ST.ASSOCIATES,0,0,0.00%,Nominal,No recent complaint activity recorded.
2001671,640 COURTLANDT AVENUE,Bronx,COURTLANDT REALTY LLC,0,0,0.00%,Nominal,No recent complaint activity recorded.
2005103,647 FOX STREET,Bronx,SOUTHERN BLVD IV ASSOCS,0,0,0.00%,Nominal,No recent complaint activity recorded.
2005090,651 SOUTHERN BOULEVARD,Bronx,WILLIS SOUTHERN HOUSING DEVELOPMENT FUND  CORPORATI,0,0,0.00%,Nominal,No recent complaint activity recorded.
2005102,655 FOX STREET,Bronx,"SOUTHERN BLVD I HOUSING DEV. FUND COMPAN Y, INC.",0,0,0.00%,Nominal,No recent complaint activity recorded.
2127027,655 MORRIS AVENUE,Bronx,MORRIS AVENUE HOUSING DEVELOPMENT FUND C OMPANY INC,0,0,0.00%,Nominal,No recent complaint activity recorded.
2004458,661 CAULDWELL AVENUE,Bronx,CAULDWELL DEVELOPMENT LLC,0,0,0.00%,Nominal,No recent complaint activity recorded.
2117541,663 FOX STREET,Bronx,"SOUTHERN BLVD I HOUSING DEV. FUND COMPAN Y, INC.",0,0,0.00%,Nominal,No recent complaint activity recorded.
2120241,665 CAULDWELL AVENUE,Bronx,665 CAULDWELL LLC,0,0,0.00%,Nominal,No recent complaint activity recorded.
2004497,665 EAST  163 STREET,Bronx,ALBERT GOODMAN HOUSING DEVELOPMENT FUND  CORP.,0,0,0.00%,Nominal,No recent complaint activity recorded.
2099667,670 MELROSE AVENUE,Bronx,"RODRIGUEZ, ROBERT",0,0,0.00%,Nominal,No recent complaint activity recorded.
2006625,671 MANIDA STREET,Bronx,PHOENIX ESTATES HDFC,0,0,0.00%,Nominal,No recent complaint activity recorded.
2005095,676 BECK STREET,Bronx,BECK ST. LLC,0,0,0.00%,Nominal,No recent complaint activity recorded.
2005096,680 BECK STREET,Bronx,BECK ST. LLC,0,0,0.00%,Nominal,No recent complaint activity recorded.
2093918,681 COURTLANDT AVENUE,Bronx,NYC HOUSING AUTHORITY,0,0,0.00%,Nominal,No recent complaint activity recorded.
2117147,681 ELTON AVENUE,Bronx,AMG ELTON LLC,0,0,0.00%,Nominal,No recent complaint activity recorded.
2005097,686 BECK STREET,Bronx,BECK ST. LLC,0,0,0.00%,Nominal,No recent complaint activity recorded.
2128935,700 MANIDA STREET,Bronx,"THE CITY OF NEW YORK, ACTING BY AND THRO UGH ITS DE",0,0,0.00%,Nominal,No recent complaint activity recorded.
2093925,700 MORRIS AVENUE,Bronx,NYC HOUSING AUTHORITY,0,0,0.00%,Nominal,No recent complaint activity recorded.
2001153,701 ST ANN'S AVENUE,Bronx,NYC DEPARTMENT OF EDUCATION,0,0,0.00%,Nominal,No recent complaint activity recorded.
2129068,706 COURTLANDT AVENUE,Bronx,706 COURTLANDT AVENUE LLC,0,0,0.00%,Nominal,No recent complaint activity recorded.
2005720,712 FOX STREET,Bronx,"SOUTHERN BLVD I HOUSING DEV. FUND COMPAN Y, INC.",0,0,0.00%,Nominal,No recent complaint activity recorded.
2116983,715 FOX STREET,Bronx,715 FOX STREET OWNERS CORPORATION,0,0,0.00%,Nominal,No recent complaint activity recorded.
2006509,717 COSTER STREET,Bronx,PHOENIX ESTATES HDFC,0,0,0.00%,Nominal,No recent complaint activity recorded.
2006563,720 HUNTS POINT AVENUE,Bronx,710 HUNTS POINT EQUITIES LLC,0,0,0.00%,Nominal,No recent complaint activity recorded.
2130390,720 TIFFANY STREET,Bronx,NYC ADMINISTRATION FOR CHILDRENS SERVICES,0,0,0.00%,Nominal,No recent complaint activity recorded.
2005519,725 FOX STREET,Bronx,"FOX STREET RESIDENCES, LLC",0,0,0.00%,Nominal,No recent complaint activity recorded.
2006566,730 BRYANT AVENUE,Bronx,NYC DEPARTMENT OF EDUCATION,0,0,0.00%,Nominal,No recent complaint activity recorded.
2091960,730 EAST  163 STREET,Bronx,NYC HOUSING AUTHORITY,0,0,0.00%,Nominal,No recent complaint activity recorded.
2091971,730 EAST  166 STREET,Bronx,NYC HOUSING AUTHORITY,0,0,0.00%,Nominal,No recent complaint activity recorded.
2097876,730 EAST 165 STREET,Bronx,NYC HOUSING AUTHORITY,0,0,0.00%,Nominal,No recent complaint activity recorded.
2094332,730 KELLY STREET,Bronx,HOMES FOR THE HOMELESS INSTITUTE INC,0,0,0.00%,Nominal,No recent complaint activity recorded.
2091956,731 EAST 161 STREET,Bronx,NYC HOUSING AUTHORITY,0,0,0.00%,Nominal,No recent complaint activity recorded.
2091970,735 EAST  165 STREET,Bronx,NYC HOUSING AUTHORITY,0,0,0.00%,Nominal,No recent complaint activity recorded.
2091966,735 EAST 163 STREET,Bronx,NYC HOUSING AUTHORITY,0,0,0.00%,Nominal,No recent complaint activity recorded.
2005518,737 FOX STREET,Bronx,"FOX STREET RESIDENCES, LLC",0,0,0.00%,Nominal,No recent complaint activity recorded.
2006532,737 HUNTS POINT AVENUE,Bronx,HUNTS POINT HSNG DEVFUN,0,0,0.00%,Nominal,No recent complaint activity recorded.
2005721,737 SOUTHERN BOULEVARD,Bronx,"SOUTHERN BLVD I HOUSING DEV. FUND COMPAN Y, INC.",0,0,0.00%,Nominal,No recent complaint activity recorded.
2006508,739 COSTER STREET,Bronx,PHOENIX ESTATES HDFC,0,0,0.00%,Nominal,No recent complaint activity recorded.
2006507,741 COSTER STREET,Bronx,PHOENIX ESTATES HDFC,0,0,0.00%,Nominal,No recent complaint activity recorded.
2005517,745 FOX STREET,Bronx,MI CASA HDFC,0,0,0.00%,Nominal,No recent complaint activity recorded.
2005168,746 PROSPECT AVENUE,Bronx,NYC DEPARTMENT OF EDUCATION,0,0,0.00%,Nominal,No recent complaint activity recorded.
2091982,747 EAST 168 STREET,Bronx,PARROCKS ASSOCIATES,0,0,0.00%,Nominal,No recent complaint activity recorded.
2128041,748 JACKSON AVENUE,Bronx,JEMP OWNERS LLC,0,0,0.00%,Nominal,No recent complaint activity recorded.
2091957,750 EAST 163 STREET,Bronx,NYC HOUSING AUTHORITY,0,0,0.00%,Nominal,No recent complaint activity recorded.
2091972,750 EAST 166 STREET,Bronx,NYC HOUSING AUTHORITY,0,0,0.00%,Nominal,No recent complaint activity recorded.
2006555,750 FAILE STREET,Bronx,CARNES MCKINNEY APARTMENTS INC,0,0,0.00%,Nominal,No recent complaint activity recorded.
2010344,750 JENNINGS STREET,Bronx,NYC DEPARTMENT OF EDUCATION,0,0,0.00%,Nominal,No recent complaint activity recorded.
2005564,750 KELLY STREET,Bronx,750 KELLY HOLDINGS LLC,0,0,0.00%,Nominal,No recent complaint activity recorded.
2091958,751 EAST  161 STREET,Bronx,NYC HOUSING AUTHORITY,0,0,0.00%,Nominal,No recent complaint activity recorded.
2005542,753 FOX STREET,Bronx,"SOUTHERN BLVD I HOUSING DEV. FUND COMPAN Y, INC.",0,0,0.00%,Nominal,No recent complaint activity recorded.
2005737,755 SOUTHERN BOULEVARD,Bronx,LONGWOOD RESIDENCES HOUSING DEVELOPMENT  FUND,0,0,0.00%,Nominal,No recent complaint activity recorded.
2096296,757 KELLY STREET,Bronx,DELICES MONA,0,0,0.00%,Nominal,No recent complaint activity recorded.
2005568,758 KELLY STREET,Bronx,758 KELLY LLC,0,0,0.00%,Nominal,No recent complaint activity recorded.
2091973,760 EAST 166 STREET,Bronx,NYC HOUSING AUTHORITY,0,0,0.00%,Nominal,No recent complaint activity recorded.
2006549,760 HUNTS POINT AVENUE,Bronx,"PLOVER HOUSING DEVELOPMENT FUND COMPANY,  INC.",0,0,0.00%,Nominal,No recent complaint activity recorded.
2005541,763 FOX STREET,Bronx,"760,762,763 FOX ST.ETC.",0,0,0.00%,Nominal,No recent complaint activity recorded.
2091224,765 COURTLANDT AVENUE,Bronx,NYC HOUSING AUTHORITY,0,0,0.00%,Nominal,No recent complaint activity recorded.
2091964,765 EAST  163 STREET,Bronx,NYC HOUSING AUTHORITY,0,0,0.00%,Nominal,No recent complaint activity recorded.
2091974,765 EAST 165 STREET,Bronx,NYC HOUSING AUTHORITY,0,0,0.00%,Nominal,No recent complaint activity recorded.
2004708,765 EAST 166 STREET,Bronx,NEW YORK EQUITY FUND 2004 LLC,0,0,0.00%,Nominal,No recent complaint activity recorded.
2005736,765 SOUTHERN BOULEVARD,Bronx,LONGWOOD RESIDENCES HOUSING DEVELOPMENT  FUND,0,0,0.00%,Nominal,No recent complaint activity recorded.
2092009,766 FOX STREET,Bronx,"SOUTHERN BLVD I HOUSING DEV. FUND COMPAN Y, INC.",0,0,0.00%,Nominal,No recent complaint activity recorded.
2116869,770 EAST 166 STREET,Bronx,NYC HOUSING DEVELOPMENT CORP.,0,0,0.00%,Nominal,No recent complaint activity recorded.
2005728,774 FOX STREET,Bronx,"SOUTHERN BLVD I HOUSING DEV. FUND COMPAN Y,  INC.",0,0,0.00%,Nominal,No recent complaint activity recorded.
2005540,775 FOX STREET,Bronx,"SOUTHERN BLVD I HOUSING DEV. FUND COMPAN Y, INC.",0,0,0.28%,Nominal,No recent complaint activity recorded.
2005735,775 SOUTHERN BOULEVARD,Bronx,LONGWOOD RESIDENCES HOUSING DEVELOPMENT  FUND,0,0,0.00%,Nominal,No recent complaint activity recorded.
2005539,777 FOX STREET,Bronx,SOUTHERN BLVD ASSOC,0,0,0.00%,Nominal,No recent complaint activity recorded.
2120261,780 PROSPECT AVENUE,Bronx,COMMUNILIFE PROSPECT HOUSING DEVELOPMENT FUND CORPORATION,0,0,0.00%,Nominal,No recent complaint activity recorded.
2005569,783 BECK STREET,Bronx,783 BECK ST. HSING DVLPM,0,0,0.00%,Nominal,No recent complaint activity recorded.
2005734,783 SOUTHERN BOULEVARD,Bronx,LONGWOOD RESIDENCES HOUSING DEVELOPMENT  FUND,0,0,0.00%,Nominal,No recent complaint activity recorded.
2005729,784 FOX STREET,Bronx,"SOUTHERN BLVD I HOUSING DEV. FUND COMPAN Y,  INC.",0,0,0.00%,Nominal,No recent complaint activity recorded.
2091223,785 COURTLANDT AVENUE,Bronx,NYC HOUSING AUTHORITY,0,0,0.00%,Nominal,No recent complaint activity recorded.
2005733,787 SOUTHERN BOULEVARD,Bronx,EAST BRONX DEVELOPMEN,0,0,0.00%,Nominal,No recent complaint activity recorded.
2005730,788 FOX STREET,Bronx,788 FOX STREET HOUSING DEVELOPMENT FUND  CORPORATIO,0,0,0.00%,Nominal,No recent complaint activity recorded.
2006002,800 BARRETTO STREET,Bronx,ELLEN ROSE ASSOCIATES LLC,0,0,0.00%,Nominal,No recent complaint activity recorded.
2004868,800 HOME STREET,Bronx,NYC DEPARTMENT OF EDUCATION,0,0,0.00%,Nominal,No recent complaint activity recorded.
2010220,810 EAST 170 STREET,Bronx,CYH 810 LLC,0,0,0.00%,Nominal,No recent complaint activity recorded.
2010314,810 FREEMAN STREET,Bronx,"810 FREEMAN STREET, LLC",0,0,0.00%,Nominal,No recent complaint activity recorded.
2010324,810 RITTER PLACE,Bronx,BRONX 810 RITTER PLACE L.P.,0,0,0.00%,Nominal,No recent complaint activity recorded.
2005038,818 HOME STREET,Bronx,UNION HOUSING PRESERVATION LP.,0,0,0.00%,Nominal,No recent complaint activity recorded.
2004594,820 JACKSON AVENUE,Bronx,BRONX BOOKLYN HOUSING DEVELOPMENT FUND C ORPORATION,0,0,0.00%,Nominal,No recent complaint activity recorded.
2114127,825 EAST 170 STREET,Bronx,HP 360 PRESERVATION HOUSING DEVELOPMENT  FUND,0,0,0.00%,Nominal,No recent complaint activity recorded.
2005843,826 SOUTHERN BOULEVARD,Bronx,RC CH ST ATHANASIUS,0,0,0.00%,Nominal,No recent complaint activity recorded.
2120355,830 FOX STREET,Bronx,"830 FOX STREET HDFC, INC",0,0,0.00%,Nominal,No recent complaint activity recorded.
2004357,840 ST ANNS AVENUE,Bronx,824-842 ST. ANNS LLC,0,0,0.00%,Nominal,No recent complaint activity recorded.
2010275,850 JENNINGS STREET,Bronx,850 JENNINGS AVENUE LP,0,0,0.00%,Nominal,No recent complaint activity recorded.
2005169,850 LONGWOOD AVENUE,Bronx,HOUSING DEV. FUND CORP,0,0,0.00%,Nominal,No recent complaint activity recorded.
2115863,853 LONGWOOD AVENUE,Bronx,KIM CHANG HYUN,0,0,0.00%,Nominal,No recent complaint activity recorded.
2119722,853 MACY PLACE,Bronx,853 MACY PLACE OWNERS CORPORATION,0,0,0.00%,Nominal,No recent complaint activity recorded.
2124476,854 JACKSON AVENUE,Bronx,JEMP OWNERS LLC,0,0,0.00%,Nominal,No recent complaint activity recorded.
2006461,855 BRYANT AVENUE,Bronx,"GAD-SAL REALTY, L.L.C.",0,0,0.00%,Nominal,No recent complaint activity recorded.
2127131,855 COURTLANDT AVENUE,Bronx,UNAVAILABLE OWNER,0,0,0.00%,Nominal,No recent complaint activity recorded.
2005292,855 EAST 167 STREET,Bronx,MK 167 LLC,0,0,0.00%,Nominal,No recent complaint activity recorded.
2006472,860 BRYANT AVENUE,Bronx,HUNTS POINT RESIDENCES HOUSING DEVELOPME NT,0,0,0.00%,Nominal,No recent complaint activity recorded.
2005846,860 SOUTHERN BOULEVARD,Bronx,"858-862 ASSOCIATES, LLC",0,0,0.00%,Nominal,No recent complaint activity recorded.
2109536,861 EAST 163 STREET,Bronx,SENIOR LIVING OPTIONS INC,0,0,0.00%,Nominal,No recent complaint activity recorded.
2116638,863 MELROSE AVENUE,Bronx,AUDUBON HOUSING DEVELOPMENT FUND CORPORA TION,0,0,0.00%,Nominal,No recent complaint activity recorded.
2005007,863 PROSPECT AVENUE,Bronx,824-834 E 161ST HSNGETC,0,0,0.00%,Nominal,No recent complaint activity recorded.
2118990,864 HEWITT PLACE,Bronx,UNAVAILABLE OWNER,0,0,0.00%,Nominal,No recent complaint activity recorded.
2005847,864 SOUTHERN BOULEVARD,Bronx,SEBCO IV ASSOC,0,0,0.00%,Nominal,No recent complaint activity recorded.
2120263,866 EAST 165 STREET,Bronx,"TWIN PINES, LLC",0,0,0.00%,Nominal,No recent complaint activity recorded.
2102490,870 EAST 162 STREET,Bronx,GEEL EAST 162ND STREET HOUSING DEVELOPME NT FUND,0,0,0.00%,Nominal,No recent complaint activity recorded.
2113135,870 SOUTHERN BOULEVARD,Bronx,TIFFANY GARDENS HDFC,0,0,0.00%,Nominal,No recent complaint activity recorded.
2098685,880 GARRISON AVENUE,Bronx,"BBZZ EQUITIES, INC.",0,0,0.00%,Nominal,No recent complaint activity recorded.
2127501,880 TINTON AVENUE,Bronx,OH 161ST STREET HOUSING DEVELOPMENT FUND  CORP.,0,0,0.00%,Nominal,No recent complaint activity recorded.
2113131,881 EAST  162 STREET,Bronx,SENIOR LIVING OPTIONS INC,0,0,0.00%,Nominal,No recent complaint activity recorded.
2006381,883 LONGFELLOW AVENUE,Bronx,"ORTIZ, SANTIAGO",0,0,0.00%,Nominal,No recent complaint activity recorded.
2006373,887 BRYANT AVENUE,Bronx,HUNTS POINT RESIDENCES HOUSING DEVELOPME NT,0,0,0.00%,Nominal,No recent complaint activity recorded.
2005752,887 SOUTHERN BOULEVARD,Bronx,E.C.HSING DEVLP FUNDCO,0,0,0.00%,Nominal,No recent complaint activity recorded.
2006385,890 BRYANT AVENUE,Bronx,HUNTS POINT RESIDENCES HOUSING DEVELOPME NT,0,0,0.00%,Nominal,No recent complaint activity recorded.
2113129,890 PROSPECT AVENUE,Bronx,UNAVAILABLE OWNER,0,0,0.00%,Nominal,No recent complaint activity recorded.
2091950,890 TRINITY AVENUE,Bronx,WOODSTOCK TERRACE MUTUAL HOUSING,0,0,0.00%,Nominal,No recent complaint activity recorded.
2005628,891 FOX STREET,Bronx,PRC SIMPSON STREET LLC,0,0,0.00%,Nominal,No recent complaint activity recorded.
2005353,894 ROGERS PLACE,Bronx,ROGERS PLACE LLC,0,0,0.00%,Nominal,No recent complaint activity recorded.
2092013,896 FOX STREET,Bronx,PRC SIMPSON STREET LLC,0,0,0.00%,Nominal,No recent complaint activity recorded.
2092012,900 FOX STREET,Bronx,PRC SIMPSON STREET LLC,0,0,0.00%,Nominal,No recent complaint activity recorded.
2004807,900 TINTON AVENUE,Bronx,NYC DEPARTMENT OF EDUCATION,0,0,0.00%,Nominal,No recent complaint activity recorded.
2006328,901 FAILE STREET,Bronx,"SEGURA, ELLEN",0,0,0.00%,Nominal,No recent complaint activity recorded.
2005638,901 FOX STREET,Bronx,PRC SIMPSON STREET LLC,0,0,0.00%,Nominal,No recent complaint activity recorded.
2088309,902 JENNINGS STREET,Bronx,902 JENNINGS STREET HOUSING DEVELOPMENT  FUND CORP.,0,0,0.00%,Nominal,No recent complaint activity recorded.
2005351,902 WESTCHESTER AVENUE,Bronx,MKS 902 LLC,0,0,0.00%,Nominal,No recent complaint activity recorded.
2004383,905 EAGLE AVENUE,Bronx,UNION HOUSING PRESERVATION LP.,0,0,0.00%,Nominal,No recent complaint activity recorded.
2091959,905 TINTON AVENUE,Bronx,NYC HOUSING AUTHORITY,0,0,0.00%,Nominal,No recent complaint activity recorded.
2005630,908 TIFFANY STREET,Bronx,PRC SIMPSON STREET LLC,0,0,0.00%,Nominal,No recent complaint activity recorded.
2128391,909 BECK STREET,Bronx,TIFFANY BECK HOUSING DEVELOPMENT FUND CO RPORATION,0,0,0.00%,Nominal,No recent complaint activity recorded.
2005450,909 KELLY STREET,Bronx,SEBCO/BANANA KELLY ASSOC,0,0,0.00%,Nominal,No recent complaint activity recorded.
2005762,914 SIMPSON STREET,Bronx,BK SIMPSON DAWSON HOUSING DEVELOPMENT FU ND,0,0,0.00%,Nominal,No recent complaint activity recorded.
2128891,915 DAWSON STREET,Bronx,915 DAWSON STREET LLC,0,0,0.00%,Nominal,No recent complaint activity recorded.
2005455,915 KELLY STREET,Bronx,SEBCO/BANANA KELLY ASSOC,0,0,0.00%,Nominal,No recent complaint activity recorded.
2005372,915 WESTCHESTER AVENUE,Bronx,"PROMESA FOUNDATION,INC.",0,0,0.28%,Nominal,No recent complaint activity recorded.
2102069,916 REV POLITE AVENUE,Bronx,916 POLITE HOUSING DEVELOPMENT FUND CORP ORATION,0,0,0.00%,Nominal,No recent complaint activity recorded.
2005882,916 SOUTHERN BOULEVARD,Bronx,916 SOUTHERN BLVD LLC,0,0,0.00%,Nominal,No recent complaint activity recorded.
2115864,920 PROSPECT AVENUE,Bronx,920 PROSPECT GARDENS HOUSING DEVELOPMENT  FUND CORP,0,0,0.00%,Nominal,No recent complaint activity recorded.
2129745,921 EAGLE AVENUE,Bronx,921 EAGLE LLC,0,0,0.00%,Nominal,No recent complaint activity recorded.
2117645,922 EAST 169 STREET,Bronx,TIFFANY STREET ASSOCIATES LP,0,0,0.00%,Nominal,No recent complaint activity recorded.
2005883,922 SOUTHERN BOULEVARD,Bronx,926 SOUTHERN BLVD LLC,0,0,0.00%,Nominal,No recent complaint activity recorded.
2005754,923 BARRETTO STREET,Bronx,ERMA CAVA HOUSING DEVELOPMENT FUND COMPA NY INC,0,0,0.00%,Nominal,No recent complaint activity recorded.
2129345,925 HUNTS POINT AVENUE,Bronx,"BDG SUFKA, LLC",0,0,0.00%,Nominal,No recent complaint activity recorded.
2005758,930 FOX STREET,Bronx,LONGWOOD RESIDENCES HOUSING DEVELOPMENT  FUND,0,0,0.00%,Nominal,No recent complaint activity recorded.
2005635,931 FOX STREET,Bronx,QUADRANT PROPERTIES HOUSING DEVELOPMENT,0,0,0.00%,Nominal,No recent complaint activity recorded.
2005884,932 SOUTHERN BOULEVARD,Bronx,932 SOUTHERN BOULEVARD REALTY LLC,0,0,0.00%,Nominal,No recent complaint activity recorded.
2005456,935 EAST 163 STREET,Bronx,EAST 163RD LLC,0,0,0.00%,Nominal,No recent complaint activity recorded.
2090351,936 INTERVALE AVENUE,Bronx,"ZAM 936, LLC",0,0,0.00%,Nominal,No recent complaint activity recorded.
2005355,939 INTERVALE AVENUE,Bronx,SEBCO IV ASSOCIATES,0,0,0.00%,Nominal,No recent complaint activity recorded.
2005769,940 FOX STREET,Bronx,LONGWOOD RESIDENCES HOUSING DEVELOPMENT  FUND,0,0,0.00%,Nominal,No recent complaint activity recorded.
2005771,940 SIMPSON STREET,Bronx,LONGWOOD RESIDENCES HOUSING DEVELOPMENT  FUND,0,0,0.00%,Nominal,No recent complaint activity recorded.
2005634,940 TIFFANY STREET,Bronx,PRC SIMPSON STREET LLC,0,0,0.00%,Nominal,No recent complaint activity recorded.
2005359,941 INTERVALE AVENUE,Bronx,BK CLUSTER HOUSING DEVELOPMENT FUND CORP ORATION,0,0,0.00%,Nominal,No recent complaint activity recorded.
2099788,941 SIMPSON STREET,Bronx,LONGWOOD RESIDENCES HOUSING DEVELOPMENT  FUND,0,0,0.00%,Nominal,No recent complaint activity recorded.
2005105,942 AVENUE ST JOHN,Bronx,GURU HOLDING LLC,0,0,0.00%,Nominal,No recent complaint activity recorded.
2129271,944 ROGERS PLACE,Bronx,"TLK MANOR HOUSING DEVELOPMENT FUND COMPA NY, INC.",0,0,0.00%,Nominal,No recent complaint activity recorded.
2095314,945 EAST 174 STREET,Bronx,M.B.D. WALLACE MOBLEY HOUSING DEVELOPMEN T,0,0,0.00%,Nominal,No recent complaint activity recorded.
2006077,949 FAILE STREET,Bronx,FAILE STREET ASSOCIATES,0,0,0.00%,Nominal,No recent complaint activity recorded.
2090825,950 AVE ST JOHNS,Bronx,GURU HOLDING LLC,0,0,0.00%,Nominal,No recent complaint activity recorded.
2005626,950 EAST 163 STREET,Bronx,PRC SIMPSON STREET LLC,0,0,0.00%,Nominal,No recent complaint activity recorded.
2124693,950 EAST 176 STREET,Bronx,UNAVAILABLE OWNER,0,0,0.00%,Nominal,No recent complaint activity recorded.
2102389,950 JENNINGS STREET,Bronx,HAT PARTNERS LLC,0,0,0.00%,Nominal,No recent complaint activity recorded.
2005015,950 UNION AVENUE,Bronx,UNION HOUSING PRESERVATION LP.,0,0,0.00%,Nominal,No recent complaint activity recorded.
2112796,951 PROSPECT AVENUE,Bronx,PSSWSF HOUSING COMPANY LP,0,0,0.00%,Nominal,No recent complaint activity recorded.
2005787,953 SOUTHERN BOULEVARD,Bronx,953 SB LLC,0,0,0.00%,Nominal,No recent complaint activity recorded.
2116530,955 CAULDWELL AVENUE,Bronx,ALBERT GOODMAN HOUSING DEVELOPMENT FUND CORP.,0,0,0.00%,Nominal,No recent complaint activity recorded.
2092007,955 EAST 163 STREET,Bronx,ANDREWS/KELLY HOUSING DEV. FUND CORPORAT ION,0,0,0.00%,Nominal,No recent complaint activity recorded.
2005627,960 EAST  163 STREET,Bronx,PRC SIMPSON STREET LLC,0,0,0.00%,Nominal,No recent complaint activity recorded.
2129610,960 KELLY STREET,Bronx,960 KELLY LLC,0,0,0.00%,Nominal,No recent complaint activity recorded.
2129270,960 PROSPECT AVENUE,Bronx,THESSALONIA MANOR HOUSING DEVELOPMENT FU ND CORP.,0,0,0.00%,Nominal,No recent complaint activity recorded.
2127337,960 SIMPSON STREET,Bronx,PRC WESTCHESTER AVENUE LLC,0,0,0.00%,Nominal,No recent complaint activity recorded.
2006007,960 SOUTHERN BOULEVARD,Bronx,SOUTHERN BLVD REALTY,0,0,0.00%,Nominal,No recent complaint activity recorded.
2090826,960 ST JOHN AVENUE,Bronx,GURU HOLDING LLC,0,0,0.00%,Nominal,No recent complaint activity recorded.
2115452,960 TINTON AVENUE,Bronx,"NORTH STAR HOUSING,INC.",0,0,0.00%,Nominal,No recent complaint activity recorded.
2005225,961 REV JAMES A POLITE AVENUE,Bronx,THESSALONIA BAPTIST C,0,0,0.00%,Nominal,No recent complaint activity recorded.
2091965,965 TINTON AVENUE,Bronx,NYC HOUSING AUTHORITY,0,0,0.00%,Nominal,No recent complaint activity recorded.
2004388,970 BOSTON ROAD,Bronx,ALBERT GOODMAN HOUSING DEVELOPMENT FUND CORP.,0,0,0.00%,Nominal,No recent complaint activity recorded.
2092008,970 KELLY STREET,Bronx,ANDREWS/KELLY HOUSING DEV. FUND CORPORAT ION,0,0,0.00%,Nominal,No recent complaint activity recorded.
2006136,973 ALDUS STREET,Bronx,973 ALDUS LLC,0,0,0.00%,Nominal,No recent complaint activity recorded.
2113134,973 REV J A POLITE AVENUE,Bronx,VIP RJP HOUSING DEVELOPMENT FUND CORPORA TION,0,0,0.00%,Nominal,No recent complaint activity recorded.
2093935,975 SIMPSON STREET,Bronx,PRC WESTCHESTER AVENUE LLC,0,0,0.00%,Nominal,No recent complaint activity recorded.
2091963,975 TINTON AVENUE,Bronx,NYC HOUSING AUTHORITY,0,0,0.00%,Nominal,No recent complaint activity recorded.
2090439,979 ALDUS STREET,Bronx,NYS MENTAL HEALTH,0,0,0.00%,Nominal,No recent complaint activity recorded.
2006076,980 ALDUS STREET,Bronx,SEBCO HOUSING DEV FND,0,0,0.00%,Nominal,No recent complaint activity recorded.
2005660,980 TIFFANY STREET,Bronx,NYC DEPARTMENT OF EDUCATION,0,0,0.00%,Nominal,No recent complaint activity recorded.
2091968,980 TRINITY AVENUE,Bronx,NYC HOUSING AUTHORITY,0,0,0.00%,Nominal,No recent complaint activity recorded.
2005662,985 EAST 163 STREET,Bronx,PRC SIMPSON STREET LLC,0,0,0.00%,Nominal,No recent complaint activity recorded.
2098575,985 PROSPECT AVENUE,Bronx,PLAZA SURVEYS LTD,0,0,0.00%,Nominal,No recent complaint activity recorded.
2006108,995 ALDUS STREET,Bronx,ALDUS GREEN CORP,0,0,0.00%,Nominal,No recent complaint activity recorded.
2093937,995 SIMPSON STREET,Bronx,PRC WESTCHESTER AVENUE LLC,0,0,0.00%,Nominal,No recent complaint activity recorded.
2006081,996 ALDUS STREET,Bronx,ALDUS GREEN CORP,0,0,0.00%,Nominal,No recent complaint activity recorded.
2006154,998 EAST 167 STREET,Bronx,NYC HOUSING AUTHORITY,0,0,0.00%,Nominal,No recent complaint activity recorded.
2006107,999 ALDUS STREET,Bronx,ALDUS GREEN CORP,0,0,0.00%,Nominal,No recent complaint activity recorded.
2099787,999 EAST  163 STREET,Bronx,LONGWOOD RESIDENCES HOUSING DEVELOPMENT  FUND,0,0,0.00%,Nominal,No recent complaint activity recorded.
